Restaurant_ID,Restaurant_Name,Cuisines,Price_for_One,Delivery_Time,Location,Rating,Delivery_review_number,,,
100001,Easy Bites by Hotel Empire,"Snacks, Fast Food, Beverages",75,29,Ashok Nagar,4.1,1000,,,
100002,Meghana Foods,"Biryani, Andhra, South Indian, North Indian, Chinese, Seafood",250,24,Ashok Nagar,4.5,10000,,,
100003,Hotel Empire,"North Indian, Kebabs, Biryani",225,29,Brigade Road,4.3,10000,,,
100004,Kannur Food Point,"Kerala, Chinese",150,29,Tavarekere,3.9,10000,,,
100005,N.Razakhiya Hotel,"North Indian, Chinese, Tandoor, Sweets, Beverages",150,34,Nagawara,3.9,1000,,,
100006,Royal Restaurant,"Chinese, North Indian, Tandoor",150,28,Shivajinagar,3.9,5000,,,
100007,California Burrito,"Mexican, American, Salads, Continental, Keto, Healthy Food",125,30,Basavanagudi,4.5,1000,,,
100008,Narmada Chain Of Restaurant,"Biryani, Andhra, South Indian",250,32,Frazer Town,4.4,1000,,,
100009,Halli Jonne Biriyani,"South Indian, Biryani",150,38,Jayanagar,4.3,10000,,,
100010,Burger King,"Burgers, American",175,31,Shivaji Nagar,4.1,10000,,,
100011,Chickpet donne biriyani house,Biryani,125,32,Koramangala,3.9,5000,,,
100012,Puliyogare Point,South Indian,75,25,Basavanagudi,4.5,10000,,,
100013,Truffles,"American, Desserts, Continental, Italian",225,25,St Marks Road,4.4,10000,,,
100014,Foo Brigade Road,"Asian, Chinese, Sushi",500,48,PRESTIGE FORUM REX,4.2,50,,,
100015,Sri Udupi Park,"North Indian, South Indian, Chinese, Chaat, Beverages",100,35,Residency Road,4.4,10000,,,
100016,Nagarjuna,"Andhra, South Indian, Biryani, Beverages, Desserts",300,26,Ashok Nagar,4.4,10000,,,
100017,Natraj Chole Bhature,"Indian, Chaat, Sweets",150,31,Jayanagar,4.2,5000,,,
100018,Shyamji's Chole Bhature,"North Indian, Beverages, Snacks",200,30,Koramangala,4.3,500,,,
100019,New Ambur Biryani Point,"Biryani, Chinese, North Indian",125,25,Adugodi,4,500,,,
100020,McDonald's,"Burgers, Beverages, Cafe, Desserts",200,22,Ashok Nagar,4.2,10000,,,
100021,Kabab Magic,"North Indian, Chinese",200,22,Richmond Town,3.7,10000,,,
100022,Donne Biryani House,"Biryani, South Indian",150,36,Malleshwaram,4,5000,,,
100023,Al-Bek,"Arabian, Tandoor, Biryani",250,32,Malleshwaram,4.2,5000,,,
100024,Vijayalakshmi,"South Indian, North Indian, Chinese",75,32,Basavanagudi,4.1,10000,,,
100025,Lulu Hypermarket,"Arabian, Continental, North Indian, Chinese",175,45,Rajajinagar,3.9,1000,,,
100026,Chikpet Donne Biryani House Palace Guttahalli,"Biryani, South Indian",150,26,Seshadripuram,4,5000,,,
100027,FreshMenu,"Continental, Chinese, Oriental, Asian, Healthy Food, Fast Food, Indian, Desserts",125,40,Richmond Road,4.1,10000,,,
100028,Paakashala,"South Indian, North Indian, Chinese",250,30,MG Road,4.3,1000,,,
100029,New Taj Darbar,"Biryani, Indian, Chinese, Tandoor, Seafood",150,42,Shivajinagar,3.4,10000,,,
100030,Leon's - Burgers &amp; Wings (Leon Grill),"American, Snacks, Turkish, Portuguese, Continental",150,31,Frazer Town,4.3,5000,,,
100031,Roti Ghar,"Chinese, South Indian, North Indian, Desserts, Fast Food, Beverages, Mughlai",200,31,Basavanagudi,4.2,10000,,,
100032,La Pino'z Pizza,"Pizzas, Pastas, Italian, Desserts, Beverages",110,34,Basavanagudi,3.9,1000,,,
100033,New Shanti Sagar,"South Indian, Chinese, North Indian, Fast Food",100,29,Rajajinagar,4.1,10000,,,
100034,Pizza Hut,Pizzas,300,27,Shanti Nagar,3.9,5000,,,
100035,Maven Kitchen,"Naga, Chinese",100,35,Ejipura,4.4,1000,,,
100036,Rotti Walla,"North Indian, Chinese, Snacks, Beverages, Tandoor",100,48,Indiranagar,4,10000,,,
100037,Hamza hotel,"Continental, Street Food",150,33,Shivajinagar,4.2,10000,,,
100038,KFC,"Burgers, Biryani, American, Snacks, Fast Food",200,26,Magrath Road,3.7,10000,,,
100039,SVSS Biryani,"Hyderabadi, Andhra, Continental",250,34,Indiranagar,4.2,500,,,
100040,Mani's Dum Biryani,Biryani,250,27,Ulsoor,4.3,10000,,,
100041,Donne Biriyani Angadi Mane,"Biryani, South Indian",150,34,Malleshwaram,3.8,10000,,,
100042,Kota Kachori And Falahaar,"North Indian, Sweets, Beverages, Rajasthani, Snacks, Chaat, Desserts",75,33,Koramangala,4,10000,,,
100043,Ambur Star Briyani Since 1890,"Biryani, Chettinad, Andhra, Beverages, Seafood",300,37,Indiranagar,4.3,10000,,,
100044,The Bowl Company,"Pan-Asian, Continental, North Indian, Desserts, American, Asian, Beverages, Biryani, Chinese, European, Grill, Hyderabadi, Indian, Italian, Kebabs, Lucknowi, Mediterranean, Mexican, Mughlai, Oriental, Pastas, Punjabi, Raja",150,28,Shanti Nagar,4.4,5000,,,
100045,Karnataka biryani point,"Biryani, Kebabs, Grill",125,31,Rajajinagar,4,1000,,,
100046,Royal Treat,"Biryani, Mughlai, Seafood, North Indian",97,33,Koramangala,4.1,10000,,,
100047,Madeena Hotel,"Biryani, Mughlai, Indian, Beverages",125,39,Koramangala,4.1,10000,,,
100048,Anand Sweets &amp; Savouries,"Sweets, Chaat, Snacks, Desserts, North Indian",100,37,Shivajinagar,4.6,10000,,,
100049,Hyderabad Biryaani House,Indian,250,20,Ashok Nagar,4.1,5000,,,
100050,Nandhini Deluxe,"Andhra, Biryani, Chinese, North Indian",250,17,St Marks Road,4.2,10000,,,
100051,Shanti Sagar,"South Indian, North Indian, Chinese",150,34,Ulsoor,4.3,10000,,,
100052,RNR Biryani - Taste of 1953,"Biryani, South Indian, Kebabs, Beverages, Desserts",175,28,Jayanagar,4.3,1000,,,
100053,SGS Nonveg Gundu Palav (Balepet),"South Indian, Biryani",250,30,Majestic,4.5,500,,,
100054,Sahana's (Nati Style),"South Indian, Biryani, Chinese",100,21,Austin Town,4,5000,,,
100055,Hotel Navayuga,Andhra,200,25,Majestic,4.3,5000,,,
100056,Vijayalakshmi veg,"South Indian, Beverages",100,43,Frazer Town,4.2,1000,,,
100057,Chicking,"American, Grill, Fast Food, Snacks, Pizzas, Mexican, Beverages",250,36,Rajajinagar,4.1,1000,,,
100058,Corner House Ice Cream,"Ice Cream, Desserts",125,22,Ashok Nagar,4.7,10000,,,
100059,Cafe Amudham,"South Indian, Snacks",200,27,Jayanagar,4.6,1000,,,
100060,Tomba kitchen,Chinese,150,45,Ejipura,4.3,1000,,,
100061,Sharief Bhai,"Mughlai, Biryani, Arabian, Kebabs, Beverages, Desserts",200,35,Frazer Town,4.2,10000,,,
100062,Polamma's Mess,"Indian, Biryani",125,28,Adugodi,4.3,1000,,,
100063,New Alameen Restaurant,"Biryani, Kerala, Meat, North Indian, South Indian",150,27,Halasuru,3.9,1000,,,
100064,A2B - Adyar Ananda Bhavan,"South Indian, North Indian, Sweets, Chinese",150,30,Shanti Nagar,4.4,10000,,,
100065,Kanti Sweets,Sweets,75,19,Ashok Nagar,4.5,1000,,,
100066,Imperial Restaurant,"Tandoor, Biryani, Kerala, South Indian, North Indian, Chinese, Beverages",200,36,Vasanth Nagar,4.2,5000,,,
100067,Udupi Shanthi Sagar,"South Indian, Beverages",100,35,Frazer Town,4.4,1000,,,
100068,Hyderabad Biryani Hotel,"Biryani, Chinese, Hyderabadi, Andhra, North Indian",250,29,Malleshwaram,4.2,5000,,,
100069,The Purple Pan,"Mughlai, North Indian, Chinese, Arabian, Biryani, Tandoor",200,35,Rajajinagar,4,10000,,,
100070,Sri Udupi Food Hub,"South Indian, North Indian, Indian, Chinese, Chaat, Ice Cream, Desserts, Beverages",100,28,Majestic,4.2,100,,,
100071,Marwadi Chaat &amp; Tiffin Services Shanti nagar,"Rajasthani, North Indian, Snacks, Chaat",150,20,Shanthi Nagar,3.7,5000,,,
100072,Thalairaj Biryani,"Andhra, Biryani, Hyderabadi, South Indian, Indian, Combo, Beverages",150,35,Indiranagar,4.2,1000,,,
100073,Bakingo,"Bakery, Desserts, Beverages, Snacks",150,24,Vasanth Nagar,4.4,500,,,
100074,Glen's Bakehouse,"Desserts, Bakery, Beverages, Continental, Italian",250,19,Ashok Nagar,4.4,10000,,,
100075,Andhra Gunpowder,"Andhra, Biryani, South Indian",175,24,Seshadripuram,4.4,500,,,
100076,Bhartiya Jalpan,"North Indian, Sweets, Desserts, Chaat",135,30,Commercial Street,4.2,10000,,,
100077,Nagarjuna Chimney,"Seafood, Andhra, Biryani, South Indian, Desserts, Beverages",400,37,Jaya Nagar,4.3,10000,,,
100078,Homely,"Home Food, North Indian, South Indian, Beverages, Desserts, Thalis",100,32,Shanti Nagar,4.4,1000,,,
100079,Call Me Chow,"Chinese, Pan-Asian",200,46,Koramangala,4.3,10000,,,
100080,Roti Walaa,"Home Food, North Indian, Thalis",100,52,Koramangala,4.2,500,,,
100081,Sagar fast food,"Chinese, South Indian, North Indian",100,32,Koramangala,4.4,5000,,,
100082,Chowman,"Chinese, Thai, Seafood, Beverages, Desserts",400,48,Indiranagar,4.2,5000,,,
100083,Biryani By Kilo,"Biryani, Hyderabadi, North Indian, Kebabs, Mughlai, Desserts",250,54,Koramangala,4,1000,,,
100084,Sultan Rolls &amp; Sandwiches,"Snacks, Chinese, Biryani",75,38,Btm Layout,3.6,500,,,
100085,Wendy's,"Fast Food, Snacks, American, Burgers, Desserts, Beverages",100,25,Residency Road,4,1000,,,
100086,Natural Ice Cream,"Ice Cream, Desserts",75,17,St Marks Road,4.6,5000,,,
100087,Dindigul Thalappakatti,"Biryani, Barbecue, South Indian, Chinese, North Indian",325,26,MG Road,4,5000,,,
100088,MTR,South Indian,150,16,St Marks Road,4.4,10000,,,
100089,Chicken County Restaurant,"North Indian, Chinese, Tandoor, Grill, Biryani, Kebabs, Ice Cream, Juices, South Indian",100,38,Majestic,3.9,100,,,
100090,Beijing Bites,Chinese,225,26,Richmond Road,4.1,10000,,,
100091,Sri Nayvedya Veg,South Indian,75,29,Jayanagar,4.4,1000,,,
100092,The Belgian Waffle Co.,"Waffle, Desserts, Ice Cream, Beverages",100,34,Basavanagudi,4.3,1000,,,
100093,Suchi Ruchi,"South Indian, Chinese, Chaat, North Indian, Snacks",100,33,Malleshwaram,4,10000,,,
100094,Chickpet Donne Biryani House,"Biryani, Kebabs, South Indian",125,32,Jayanagar,3.9,100,,,
100095,WarmOven Cake &amp; Desserts,"Bakery, Desserts, Ice Cream, Beverages",100,34,Vasanth Nagar,3.7,500,,,
100096,Anjappar,"Chettinad, Thalis, Biryani, Chinese, Tandoor, South Indian, North Indian",200,29,Brigade Road,4,1000,,,
100097,Sri Rajarajeshwari Iyer Mess,South Indian,100,35,Malleshwaram,4.4,1000,,,
100098,Gowdru Hotel,South Indian,75,38,Indiranagar,4.2,5000,,,
100099,Chinese Wok,"Chinese, Asian, Tibetan, Desserts",125,47,Malleshwaram,3.8,500,,,
100100,Domino's Pizza,"Pizzas, Italian, Pastas, Desserts",200,25,Brigade Road,4.2,5000,,,
100101,Basaveshwar Khanavali,Indian,350,31,Ashok Nagar,4.4,100,,,
100102,Shahi Family Restaurant,"Seafood, Tandoor, Chinese, North Indian, South Indian",150,29,Ulsoor,3.7,1000,,,
100103,Asha Sweet Center,"Sweets, Snacks, Bakery, Desserts",125,24,Vasanth Nagar,4.5,100,,,
100104,Peetuk,"Bengali, Chinese",250,38,Domlur,4.1,5000,,,
100105,Rolls Kitchen,Fast Food,100,18,Shanti Nagar,4.4,10000,,,
100106,K.Iyer Mess ,South Indian,70,33,Malleshwaram,4.3,10000,,,
100107,Madurai Idly Shop,South Indian,75,30,Koramangala,4.1,10000,,,
100108,SLV Corner Restaurant,"Chinese, South Indian, North Indian, Desserts",225,31,Basavanagudi,4.5,10000,,,
100109,IDC Kitchen,"South Indian, North Indian, Indian",75,21,Sampangirama Nagar,4.5,5000,,,
100110,Amma's Pastries,"Bakery, Desserts",175,35,Frazer Town,4.3,100,,,
100111,Hotel Udupi Ruchi,"South Indian, Chinese, Desserts, North Indian",150,33,Rajajinagar,4.1,10000,,,
100112,Udupi Aatithya,"South Indian, Beverages",250,30,Basavanagudi,4.2,100,,,
100113,Onesta,"Italian, Desserts, Pizzas",100,47,Malleshwaram,3.7,100,,,
100114,CakeZone,"Bakery, Desserts, Sweets, Ice Cream",100,38,Domlur layout,4.4,10000,,,
100115,Asha Food Camp,Indian,125,31,Rajajinagar,4.4,1000,,,
100116,NIC Ice Creams,"Ice Cream, Desserts",60,27,Frazer Town,4.6,5000,,,
100117,Taste Of Tibet,Chinese,125,29,Brigade Road,4.2,500,,,
100118,Fanoos,"Biryani, Tandoor, Kebabs, Barbecue",150,39,Richmond Road,4.1,10000,,,
100119,Sri Krishna Sagar,"South Indian, North Indian, Beverages, Jain",100,36,Koramangala,4.3,10000,,,
100120,Pizza Box,Pizzas,200,46,Shivaji Nagar,3.7,20,,,
100121,Donne Biryani Adda,"Biryani, South Indian, Desserts, Beverages",100,36,Indiranagar,3.2,500,,,
100122,Khawa Karpo,Chinese,89,48,Koramangala,4.5,10000,,,
100123,Sagar Delicacy,"North Indian, South Indian, Chinese",150,37,Ulsoor,4.4,5000,,,
100124,Taco Bell,Mexican,150,39,Magrath Road,4.3,5000,,,
100125,Kesar Rajasthani Parotha Point,"Rajasthani, Indian",100,28,Basavanagudi,4.4,20,,,
100126,Thoms Bakery,"Bakery, Burgers, Desserts, Pizzas",300,28,Frazer Town,4.3,100,,,
100127,Bowl Soul,"Indian, Asian, Continental, Pan-Asian, Chinese, Mediterranean, Mexican, Lebanese, North Indian, Korean, Japanese, South Indian",125,31,Richmond Town,4,100,,,
100128,Hotel Annapoorna,"Biryani, Andhra",225,24,Majestic,4.4,500,,,
100129,Fresh Bites,"North Indian, South Indian, Chinese, Juices, Tandoor",100,47,Indiranagar,4,10000,,,
100130,Big Bowl,"North Indian, Chinese, Tibetan, Desserts",125,28,Adugodi,3.8,1000,,,
100131,Sri Krishna Nandagokula Veg,"South Indian, Chinese, North Indian",75,31,Indiranagar,4,1000,,,
100132,Srinidhi Sagar Deluxe,"South Indian, North Indian, Indian, Chinese, Beverages, Desserts",100,34,Domlur,4.2,1000,,,
100133,RajHans Restaurant,"North Indian, Chinese, South Indian, Beverages, Snacks",100,19,Shanthinagar,3.9,1000,,,
100134,Savoury Restaurant,"Arabian, Indian, Chinese, Tandoor, Biryani, Seafood, Kerala",225,34,Frazer Town,4.3,10000,,,
100135,Gundappa Donne Biryani,Biryani,100,29,Sheshadripuram,3.8,10000,,,
100136,Paris Panini - Gourmet Sandwiches &amp; Wraps,"Continental, Pastas, Salads, Snacks, Desserts, Fast Food, French",250,25,Central Bangalore,4.5,500,,,
100137,Tenzin Kitchen,"Asian, Chinese, Pan-Asian, Tibetan",200,43,Koramangala,4.3,10000,,,
100138,Tera Bites,Chinese,100,34,Koramangala,4.3,100,,,
100139,Sagar Restaurant,"North Indian, Chinese, Chaat, Tandoor, Jain",200,39,Seshadripuram,4.1,5000,,,
100140,Juice Junction,Juices,75,15,St. Marks Road,4.3,10000,,,
100141,Karavali Family Restaurant,"Mangalorean, Seafood, Chinese, Coastal",100,28,Brigade Road,4,500,,,
100142,New Prakriti Deluxe,"Indian, Biryani, Chinese, Snacks",175,34,Rajajinagar,3.8,50,,,
100143,Samosa Party,"Fast Food, Snacks, Beverages, Chaat, North Indian, Street Food, Sweets, Desserts, Punjabi, Bakery",75,26,Brigade Road,4.6,1000,,,
100144,Belgian Waffle Factory,"American, Desserts",150,28,Vasanth Nagar,4.1,10000,,,
100145,Holige Mane,Sweets,100,29,Rajajinagar,4.5,1000,,,
100146,Maggi Mane,"Beverages, Italian",100,29,Rajajinagar,4,100,,,
100147,Oru Vadakkan Cafe,"Kerala, Biryani, South Indian, Chinese, Seafood, Beverages",200,35,Koramangala,4.1,5000,,,
100148,Kapoor's Cafe,North Indian,250,40,Jayanagar,4.3,5000,,,
100149,Kwality Walls Frozen Dessert and Ice Cream Shop,"Desserts, Ice Cream, Ice Cream Cakes",100,24,Wilson Garden,4.6,1000,,,
100150,Sri srinivasa pork hotel,Indian,75,28,Ejipura,3,500,,,
100151,Madurai Hut,"Chettinad, South Indian, Biryani",150,38,Indiranagar,3.7,50,,,
100152,Taj Hotel,"Chinese, Mughlai, North Indian",250,32,Shivajinagar,4.1,1000,,,
100153,Bhagatram Sweets,"Indian, Chinese, North Indian, Snacks",125,27,Shivajinagar,3.9,1000,,,
100154,Sreeraj Lassi Bar 1973s,"Desserts, Juices, Ice Cream Cakes, Snacks",125,27,Shantinagar,4.2,500,,,
100155,Ajji Ruchi Kitchen,Indian,150,38,Koramangala,4.4,1000,,,
100156,Subway,"Fast Food, Salads, Snacks, Desserts, Beverages",175,31,Ashok Nagar,4.1,1000,,,
100157,Dalma,"Oriya, Seafood, Thai",99,38,Koramangala,4.1,1000,,,
100158,The Pizza Bakery,"Pizzas, Pastas, Italian, Desserts, Continental",350,28,Ashok Nagar,4.4,1000,,,
100159,Andhra Ruchulu,"Andhra, Chettinad, Chinese, Desserts, North Indian, Seafood",250,30,Jayanagar,4.3,5000,,,
100160,Tapri By The Corner,"North Indian, Chinese, Snacks, Indian",125,42,Koramangala,4,1000,,,
100161,Village Donne Biriyani,South Indian,150,32,Koramangala,3.6,1000,,,
100162,Chai Days,"Bakery, Beverages, Snacks",100,32,Koramangala,4.4,1000,,,
100163,Ambur Dum Biriyani,"Indian, Mughlai",150,41,Indiranagar,3.8,1000,,,
100164,Polar Bear Ice Cream Sundaes,"Ice Cream, Desserts",150,25,Basavanagudi,4.5,5000,,,
100165,RR Vatika - Punjabi Dhaba,"North Indian, Chaat, Chinese, Thalis",150,35,Basavanagudi,3.9,100,,,
100166,Mad Over Donuts,"Desserts, Sweets, Bakery",100,27,Magrath Road,3.9,1000,,,
100167,SGS Non Veg Gundu Palav - Malleshwaram Franchisee,"Biryani, South Indian, Maharashtrian",140,32,Malleshwaram,4.3,100,,,
100168,EatFit,"Healthy Food, Pizzas, North Indian, Thalis, Biryani, Chinese",135,26,Cunningham Road,4.3,1000,,,
100169,Theobroma,"Desserts, Bakery, Beverages",250,16,Ashok Nagar,4.6,1000,,,
100170,Appu Donne Biriyani Mane,Biryani,150,40,Malleshwaram,4,20,,,
100171,Lazeez,"North Indian, Mughlai",250,37,Koramangala,4.2,10000,,,
100172,Cakewala,Desserts,200,34,Jayanagar,4.4,5000,,,
100173,Bheema's,Andhra,275,23,Ashok Nagar,4.3,10000,,,
100174,New Punjabi Hotel,North Indian,80,31,Koramangala,3.6,10000,,,
100175,Bucket Biryani,"Biryani, North Indian, Chinese, Seafood",350,22,Ashok Nagar,4.3,100,,,
100176,Tasty Magic,"Chinese, Arabian, North Indian, Desserts, Biryani, South Indian",150,33,BTM Layout,3.3,1000,,,
100177,Delicacy,"Chinese, Thai",200,40,Frazer Town,4.2,10000,,,
100178,New Shanthi Sagar,"North Indian, Chinese, Fast Food",200,36,Jayanagar,4,10000,,,
100179,Tibetan Mother's Kitchen,"Chinese, Tibetan, Thai",125,38,Koramangala,4.1,5000,,,
100180,Santhanam Sweets,Sweets,100,26,Commercial Street,4.5,1000,,,
100181,Maravanthe,Seafood,400,46,Indiranagar,4.3,5000,,,
100182,La Heaven,"Bakery, Desserts, Beverages",150,39,Frazer Town,4.2,500,,,
100183,Tewari Bros Mithai Shop,"Gujarati, Rajasthani",75,31,Commercial Street,3.8,5000,,,
100184,Shyam Mishra Juice Centre Llp,"Juices, Beverages",80,33,Majestic,4.4,100,,,
100185,Sri Vishnu Grand Veg,"South Indian, North Indian, Chinese",100,31,Majestic,4,100,,,
100186,Street Foods By Punjab Grill,"North Indian, Kebabs, Biryani, Mughlai",200,51,Malleshwaram,3.8,100,,,
100187,Just Shawarma,Arabian,90,56,Indiranagar,4.3,1000,,,
100188,Mumbai Xpress,"North Indian, Chinese",100,41,Koramangala,3.9,5000,,,
100189,Rang De Basanti Dhaba,"North Indian, Kebabs, Biryani, Snacks, Punjabi, Desserts, Tandoor, Indian",150,47,Indiranagar,4.1,10000,,,
100190,Chai Point,"Bakery, Beverages, Maharashtrian, Snacks, Street Food, South Indian, Punjabi, Chaat, Indian, American, North Indian, Fast Food, Desserts, Cafe, Healthy Food, Home Food",75,30,Church Street,4.5,5000,,,
100191,Naati Cafe,"Biryani, Kebabs",150,30,Koramangala,4.3,500,,,
100192,Swiss Cream - Ice Creams and More,"Desserts, Ice Cream, Beverages",125,25,Shanti Nagar,4,1000,,,
100193,Swiss Cream - Ice Creams and More,"Desserts, Ice Cream, Beverages",125,25,Shanti Nagar,4,1000,,,
100194,K C Das,"Bengali, Desserts, Sweets",75,20,St Marks Road,4.4,5000,,,
100195,Malgudi's Donne Biriyani-Srirampura,Biryani,125,33,Rajajinagar,4.3,5000,,,
100196,Istah - The Mediterranean Way,"Arabian, Biryani, Mediterranean, Lebanese, Snacks, Beverages",125,34,Santhi Nagar,4.3,1000,,,
100197,Rajdhani,"Gujarati, Rajasthani, North Indian",200,52,Malleshwaram,4,10000,,,
100198,Chinese Square,"Chinese, Beverages, Juices",75,27,Basavanagudi,4,100,,,
100199,Magnolia Bakery,"Bakery, Desserts, Ice Cream",250,35,Indiranagar,4.5,5000,,,
100200,S G Rao's Military Hotel,"South Indian, Biryani",200,34,Majestic,3.7,100,,,
100201,Chandus deluxe (Naati style),"Indian, South Indian, Chinese",125,33,Malleshwaram,4.1,1000,,,
100202,Manjit Da Dhaba,North Indian,175,31,Frazer Town,4.6,10000,,,
100203,Chichabas Taj,"Mughlai, North Indian, Biryani",266,40,Frazer Town,4.1,10000,,,
100204,China Pearl,"Chinese, Asian",550,40,Koramangala,4.5,10000,,,
100205,Vasavi Andhra Mess,"South Indian, Andhra, Chinese",100,34,Malleshwaram,3.8,100,,,
100206,Sri Krishna Sweets,Sweets,100,27,Basavanagudi,4.6,500,,,
100207,Siddique kabab centre,"Chinese, Arabian, Tandoor",100,28,Frazer Town,4.2,1000,,,
100208,QMIN - Snacks &amp; Chai,"Cafe, Beverages, Snacks",100,41,Vasanth Nagar,4,1000,,,
100209,Barbeque Nation,"North Indian, Barbecue, Biryani, Kebabs, Mughlai, Desserts",300,36,Ulsoor,4,500,,,
100210,Hotel Chandrika,"South Indian, North Indian, Chinese, Juices, Chaat, Ice Cream",150,25,Vasanth Nagar,4.3,10000,,,
100211,Tasty Paradise,"Andhra, Chinese, Mughlai, North Indian, Seafood",125,38,Malleshwaram,4.1,1000,,,
100212,The Good Bowl,"Biryani, North Indian, Pastas, Punjabi, Desserts, Beverages",200,27,Shantinagar,4.2,100,,,
100213,Faasos - Wraps &amp; Rolls,"Kebabs, Fast Food, Snacks, North Indian, American, Healthy Food, Desserts, Beverages",100,28,Shantinagar,4.2,1000,,,
100214,FoodX Restaurant,"Indian, Chinese, Juices",100,26,Vasanth Nagar,4,50,,,
100215,Daily Sushi,"Japanese, Asian, Korean",400,32,Ashok Nagar,4.4,500,,,
100216,Bangalikhana,"Bengali, Mughlai, Sweets",175,43,Koramangala,4.2,10000,,,
100217,Biryani Blues,"Biryani, Kebabs, Lucknowi, Hyderabadi",200,19,Ashok Nagar,4.2,500,,,
100218,The Grand Hyderabad Biryani Restaurant,"Biryani, Haleem, Desserts",200,30,Frazer Town,4.2,100,,,
100219,Kamat Aahaar- Malleshwaram,"South Indian, Snacks, Beverages",125,37,Malleshwaram,4.1,100,,,
100220,Shrinidhi Military Hotel,South Indian,150,27,Basavanagudi,3.9,500,,,
100221,The Pastry House,Bakery,75,48,Shanti Nagar,4.1,1000,,,
100222,Singh Da Punjabi Dhaba,"Punjabi, Tandoor, Chinese",100,33,Koramangala,3.8,1000,,,
100223,Antarastriya,"Chinese, Tibetan, Mexican, Italian-American",100,32,Basavanagudi,3.5,100,,,
100224,Upahara Darshini KIMS Canteen,"South Indian, North Indian, Desserts, Chinese",200,31,Basavanagudi,3.9,100,,,
100225,Kanti Bakes And Flakes,Sweets,100,24,Ashok Nagar,4.4,100,,,
100226,Desi Vdesi,"North Indian, Indian",100,25,Shanti Nagar,4.3,5000,,,
100227,Nati Mane,"Biryani, Indian",150,34,Koramangala,3.9,50,,,
100228,Sonar Bangla,Bengali,150,54,Koramangala,4,1000,,,
100229,The Biryani Life,"Biryani, Mughlai, Lucknowi, Hyderabadi, Kebabs, Desserts, Beverages",125,23,Shantinagar,3.9,100,,,
100230,New Ambur Biryani,Biryani,150,26,AUSTIN TOWN,4.1,20,,,
100231,Mini Punjabi Dhaba,Indian,150,26,Banashankari,4.3,1000,,,
100232,Go Naati,"Biryani, South Indian",150,33,Rajajinagar,4,500,,,
100233,Meat and Eat,Biryani,150,40,Indiranagar,4,10000,,,
100234,Yediyur Ramanna Military Hotel,"North Indian, Indian, South Indian, Snacks",250,36,Jayanagar,4.1,500,,,
100235,Kaippunnyam Restaurant,"Kerala, Seafood, South Indian, Buffalo meat, Chettinad",150,35,Ashok Nagar,4.1,500,,,
100236,Axomi - Taste of Assam,"Assamese, Indian, Beverages, Bengali, Thalis, Nepalese, North Eastern, Naga",125,53,Koramangala,4.2,500,,,
100237,Bob's Bar,"South Indian, Biryani, Desserts, Bakery",150,41,Koramangala,4.3,1000,,,
100238,Homely Hut,"North Indian, Snacks, Beverages, Punjabi, Indian",125,30,Tavarekere,4,100,,,
100239,Biggies Burger,"American, Fast Food, Beverages",150,22,Church Street,4.1,100,,,
100240,Wow! Momo,"Tibetan, Healthy Food, Asian, Chinese, Snacks, Continental, Desserts, Beverages",150,28,Ashok Nagar,4.2,100,,,
100241,"Frozen Bottle - Milkshakes, Desserts And Ice Cream","Beverages, Desserts, Ice Cream, Waffle, Bakery, Healthy Food",125,26,Ashok Nagar,4.1,1000,,,
100242,Uttara Karnataka Foods,South Indian,100,36,Malleshwaram,4.4,100,,,
100243,Hotel Revoli Inn,"Indian, Chinese, Tandoor, South Indian",200,24,Shanti Nagar,4,1000,,,
100244,All Saints Bakery,"Bakery, Snacks, Desserts",100,24,Ashok Nagar,4.4,5000,,,
100245,"Art of Delight - Ice Creams, Sundaes and Desserts","Ice Cream, Desserts, Beverages",125,24,Ashok Nagar,4.5,10000,,,
100246,Gurukrupa Paratha House,"North Indian, Punjabi",125,36,Indiranagar,4,1000,,,
100247,Sai cafe veg,South Indian,125,31,Malleshwaram,4.2,1000,,,
100248,Sri Udupi Vaibhav,"South Indian, North Indian, Chinese",100,51,Indiranagar,4.3,1000,,,
100249,Mangalore Sea Palate,"Seafood, South Indian, Mangalorean",150,35,Jayanagar,4.2,100,,,
100250,Kunafa World,Middle Eastern,250,35,Frazer Town,4.5,1000,,,
100251,Aubree,"Desserts, Bakery",350,26,Shivajinagar,4.4,1000,,,
100252,BOX8 - Desi Meals,"North Indian, Biryani, Thalis, Home Food",125,22,Shanti Nagar,4.3,100,,,
100253,Elixir - Luxury Pearls Drink,"Beverages, Desserts, Ice Cream, Juices, Korean, Healthy Food",200,39,Koramangala,4.3,500,,,
100254,Shezan,"Mughlai, North Indian, Chinese, Continental",300,27,Vasanth Nagar,4.3,5000,,,
100255,Kadamba Foodline,South Indian,200,29,Halasuru,4.3,100,,,
100256,The Himalayan Momo Company,"Chinese, Tibetan, Snacks, Beverages, Asian",100,45,Indiranagar,4.3,1000,,,
100257,Basavanagudi Donne Biryani,Biryani,300,32,Basavanagudi,3.6,50,,,
100258,Sundae Everyday Ice Creams,"Beverages, Ice Cream, Desserts",75,28,Vasanth Nagar,3.4,100,,,
100259,Magic chef,"Chinese, Indian",100,29,Tavarekere,3.9,50,,,
100260,IGP Cakes,"Bakery, Desserts, Sweets",150,27,Koramangala,4.1,20,,,
100261,Home Plate by EatFit,"North Indian, Home Food, Healthy Food, Indian, Punjabi, South Indian, Rajasthani, Maharashtrian, Snacks, Desserts, Beverages",100,25,Cunningham Road,3.9,100,,,
100262,Neeta's Kitchen,"North Indian, Punjabi",175,36,Indiranagar,4.2,100,,,
100263,Sultan dum biryani,"Biryani, Desserts",150,44,Indiranagar,3.8,100,,,
100264,Kedia's Funfood,Street Food,100,36,Jayanagar,4.4,10000,,,
100265,Lassi and Juice,"Continental, Desserts, Juices, Ice Cream",75,30,Shivajinagar,4,1000,,,
100266,Starbucks Coffee,"Beverages, Cafe, Snacks, Desserts, Bakery, Ice Cream",200,17,Lavelle Road,4.3,1000,,,
100267,XO Belgian Waffle,Desserts,125,39,Koramangala,4.3,10000,,,
100268,Sardarji Londonwaley,"Indian, North Indian, Punjabi, Chinese, Biryani",175,33,Koramangala,3.8,10000,,,
100269,LunchBox - Meals and Thalis,"Biryani, North Indian, Punjabi, Healthy Food, Desserts, Beverages",100,27,Shantinagar,4.1,1000,,,
100270,Wow! China,"Tibetan, Chinese, Asian, Snacks, Continental, Desserts, Beverages",150,29,Church Street,3.8,500,,,
100271,Jain and Veg Cuisines,"Indian, Jain, Beverages, Chinese",150,32,Basavanagudi,4,100,,,
100272,Bathinda Junction,North Indian,125,41,Koramangala,4,10000,,,
100273,Kailash Parbat,"North Indian, Street Food",150,29,Commercial Street,4.1,500,,,
100274,Soul Rasa,"Indian, Healthy Food, Home Food, South Indian, North Indian",200,33,Shanti Nagar,4.4,500,,,
100275,Adiga's,"South Indian, North Indian, Chinese, Thalis, Juices, Desserts",100,36,Majestic,3.9,10000,,,
100276,Salem Mess,Indian,100,25,Adugodi,3.8,100,,,
100277,Dhanraj ji Chole Bhature,"Fast Food, North Indian, Desserts, Punjabi, Street Food",75,30,Tavarekere,3.8,50,,,
100278,"Friendly Neighbourhood Pizza-Man, VV Puram",Pizzas,130,33,Basavanagudi,4.6,100,,,
100279,Savoury Seashell Restaurant,"Arabian, Indian, Chinese, Tandoor, Biryani, Seafood, Kerala",225,27,Bannerghatta Main Road,4,10000,,,
100280,Rahhams,"Biryani, Mughlai, North Indian, Kebabs, Chinese, Seafood, Beverages",350,39,Frazer Town,4.3,1000,,,
100281,Tadka Singh,"Punjabi, North Indian",150,25,Church Street,4.3,10000,,,
100282,Brahmins' Thatte Idli,South Indian,75,32,Malleshwaram,4.5,5000,,,
100283,Food Adda,"Burgers, Pizzas, Fast Food",250,36,Basavanagudi,3.6,100,,,
100284,Krispy Kreme,"Desserts, Beverages",85,19,Richmond Road,4.7,1000,,,
100285,Northwind Restaurant,"Mangalorean, South Indian, Biryani, North Indian",200,33,Malleshwaram,4.3,1000,,,
100286,Twiststick House,"Jain, North Indian, Continental, Italian, Beverages, Thai",150,33,Basavanagudi,4,1000,,,
100287,Ganesh Food Joint,South Indian,75,25,Frazer Town,4.2,1000,,,
100288,Udupi Grand,"Chinese, North Indian, South Indian",250,30,Basavanagudi,4.3,1000,,,
100289,Smoor,"Asian, Desserts, Italian, Thai, Ice Cream, Salads, Sushi, Beverages, Bakery, Cafe",225,30,Lavelle Road,4.5,100,,,
100290,Kerala Pavilion,"Kerala, Seafood",150,30,Indiranagar,4.1,10000,,,
100291,Goila Butter Chicken,"North Indian, Mughlai, Biryani, Indian",300,45,Koramangala,4,500,,,
100292,Halli Donne Biryani,South Indian,100,31,Koramangala,3.9,1000,,,
100293,Udta Punjab Cafe,North Indian,75,22,Shanti Nagar,3.8,100,,,
100294,Gulbarga Refreshments,"South Indian, North Indian, Beverages",100,33,Rajajinagar,3.7,100,,,
100295,Kibeey's restaurant,"Indian, Chinese",150,45,Indiranagar,3.9,50,,,
100296,Karavali Mane,"Chinese, North Indian, South Indian",150,29,Wilson Garden,4.1,100,,,
100297,BOSS Burger,"Burgers, American, Fast Food, Snacks",250,35,Lavelle Road,4,1000,,,
100298,New Agarwal Bhavan,"Sweets, Bakery, Snacks",75,33,Sadashiv Nagar,4.3,1000,,,
100299,Hakka Box,"Chinese, Thai, Pan-Asian",200,40,Indiranagar,4.2,100,,,
100300,Punjabi Nawabi,"Chinese, North Indian, Punjabi",175,33,Koramangala,3.8,5000,,,
100301,Gopaljee Cafe,"Indian, North Indian",175,27,Koramangala,4.3,1000,,,
100302,Hotel Prashanth,"Andhra, Chinese",250,30,Basavanagudi,3.9,20,,,
100303,Karachi Bakery,"Bakery, Pizzas, Chinese, Italian, American, Sweets, Desserts, Beverages",200,39,Indiranagar,4.4,1000,,,
100304,Nisarga Garden,"North Indian, South Indian, Chaat, Beverages",100,31,Basavanagudi,4.3,1000,,,
100305,Altaf's Chillies Restaurants,"North Indian, Chinese",125,34,Frazer Town,4.3,10000,,,
100306,The Brahmins Khanavali,South Indian,100,23,St Marks Road,4.4,1000,,,
100307,Gokul Veg,"North Indian, Jain, Indian, Beverages, Desserts",250,33,Basavanagudi,4.3,10000,,,
100308,Rolls On Wheels,Snacks,150,29,ST MARKS ROAD,4.2,10000,,,
100309,Karnataka Donne Biryani,"Indian, Biryani",150,44,Domlur,4,20,,,
100310,Chole Bhature Wale @ The Halwais,"North Indian, Fast Food, Snacks",100,43,Koramangala,3.7,20,,,
100311,Just Sandwich,Continental,100,33,Tavarekere,4,50,,,
100312,Lalbagh Grand - Unit of udupi foods,"Chinese, Jain, North Indian, South Indian",125,38,Basavanagudi,3.9,1000,,,
100313,The Dessert Zone,"Bakery, Desserts, Ice Cream, Beverages",100,38,Vasanth Nagar,3.6,100,,,
100314,Bhagyalakshmi Butter Gulkand Stores,Desserts,100,39,Malleshwaram,4.7,20,,,
100315,Main Lassi Shop,"Beverages, Juices, Ice Cream, Pizzas, Desserts",125,28,Central Bangalore,3.8,1000,,,
100316,Dum Safar Biryani,"Biryani, Kebabs, Tandoor, Indian, Desserts",250,45,Rajajinagar,4.1,100,,,
100317,Naachiyar's,"Biryani, Chettinad",175,30,Ulsoor,4.1,1000,,,
100318,Veg Brooo chinese,"Chinese, North Indian, Snacks",150,33,Indiranagar,3.8,100,,,
100319,Mangalore Pearl,"Coastal, Seafood",275,33,Ulsoor,4.5,5000,,,
100320,No.10 Fort Cochin,"Seafood, Kerala, Biryani",200,28,St. Marks Road,4.3,5000,,,
100321,Chung Wah,Chinese,400,37,Ashok Nagar,4.3,5000,,,
100322,Richie Rich,"Desserts, Snacks, Chaat, Ice Cream",250,29,Race Course Road,4.3,10000,,,
100323,Pizza House,Pizzas,200,38,Shivaji Nagar,3.1,50,,,
100324,Umesh Refreshments UDP,"South Indian, Beverages",100,48,Indiranagar,4.4,1000,,,
100325,Food Junction,"Indian, Chinese, Biryani",200,38,BTM Layout,4.2,100,,,
100326,Kaapi Katte,"South Indian, Combo",100,31,Malleshwaram,4.3,100,,,
100327,Pailwan Pulao,"South Indian, Snacks, Indian, Beverages",125,29,Jayanagar,4.4,50,,,
100328,Cream Stone Ice Cream,"Ice Cream, Desserts, Beverages",200,34,Frazer Town,4.3,5000,,,
100329,Krishnam Veg,"South Indian, North Indian, Chinese, Indian, Desserts, Snacks",100,24,Shanti Nagar,4.1,100,,,
100330,Big Bang Pizza,"Pizzas, Pastas, Continental",150,37,Frazer Town,4.3,500,,,
100331,Cafe Arabica,"Bakery, Desserts",225,30,Frazer Town,3.7,20,,,
100332,Grameen Kulfi,"Ice Cream, Desserts",60,26,Frazer Town,4.8,100,,,
100333,Udupi Sri Krishna Bhavan,South Indian,100,32,Majestic,4.3,100,,,
100334,Cheesecake &amp; Co.,Bakery,125,28,Koramangala,4.5,500,,,
100335,Social,"North Indian, Chinese, Fast Food, Biryani, Pizzas, Salads, Kebabs, Juices, Desserts, Beverages",250,30,MG Road,4.2,5000,,,
100336,Fiero! Pizzeria,"Pizzas, Italian, Pastas, Desserts, Beverages",200,39,Koramangala,4,5000,,,
100337,NOTO - Healthy Ice Cream,"Desserts, Ice Cream",125,21,Central Bangalore,4.6,100,,,
100338,Gopizza,"Pizzas, Desserts, Beverages",125,39,Magrath Road,4,20,,,
100339,Sattvam,"Chinese, South Indian, North Indian, Continental, Desserts, Italian",600,38,Sadashiv Nagar,4.2,1000,,,
100340,Sree Krishna Kafe,South Indian,69,31,Koramangala,4.5,10000,,,
100341,Priyadarshini Restaurant,"South Indian, Desserts, Fast Food",75,26,Majestic,4.5,5000,,,
100342,Yak Kitchen,"Tibetan, Sushi, Asian",250,28,Ashok Nagar,4.5,100,,,
100343,MOJO Pizza - 2X Toppings,"Pizzas, Italian, Fast Food, Desserts",125,29,Shantinagar,4.2,20,,,
100344,N R Donne Biriyani,"Biryani, South Indian",125,29,Jayanagar,4.1,1000,,,
100345,The Food Corner,"Chinese, North Indian",75,28,Vasanth Nagar,4.3,500,,,
100346,Chungs Chinese Corner - Cunningham Road,"Chinese, Snacks",225,28,Cunningham Road,4.4,1000,,,
100347,Louis Burger,"Burgers, Fast Food, Beverages",300,46,Indiranagar,4.2,1000,,,
100348,Bhojohori Manna,"Bengali, Mughlai",300,36,Koramangala,4.1,5000,,,
100349,Dil Punjabi,"North Indian, Punjabi, Thalis, Tandoor, Mughlai, Home Food, Barbecue, Beverages, Desserts, Healthy Food, Indian, Kebabs, Snacks, Street Food",150,32,Koramangala,3.7,100,,,
100350,The Baklava Company,"Desserts, Turkish, Arabian",175,47,Ashok Nagar,4.2,50,,,
100351,Maachiz,"Indian, Chinese, Tandoor",200,27,Shanti Nagar,4.8,20,,,
100352,Brown Burger Co Jayanagar,Beverages,100,40,Jayanagar,4.4,100,,,
100353,Kabab Palace,"Chinese, South Indian, North Indian, Andhra, Seafood, Punjabi, Hyderabadi",200,35,Rajajinagar,4.3,1000,,,
100354,Plan B,American,600,37,Ashok Nagar,4.2,1000,,,
100355,Baisakhi,"North Indian, Jain",200,36,Basavanagudi,3.9,5000,,,
100356,Falhari - A Fruitful Habit,"Salads, Juices, Beverages, Desserts",150,31,Tavarekere,4.2,1000,,,
100357,Chung Wah Express,Chinese,175,34,Ashok Nagar,4.3,100,,,
100358,Maharaja Military Canteen - Donne Biryani,"Biryani, South Indian, Kebabs",150,38,Vasanth Nagar,4.1,1000,,,
100359,Fresh Pressery Cafe,"Italian, Salads, Healthy Food, French",500,26,Lavelle Road,4.3,5000,,,
100360,Chinese Hot,"Chinese, Thai, North Indian",175,29,Vasanth Nagar,4.3,500,,,
100361,Green Onion Chinese-Residency Road,Chinese,300,28,Ashok Nagar,4.4,5000,,,
100362,The Srirangam Cafe,South Indian,150,45,Indiranagar,4.4,100,,,
100363,Fung's Chinese Xpress,"Chinese, Asian",125,54,Koramangala,3.8,50,,,
100364,Khan Saheb Grills and Rolls,"Tandoor, Mughlai, North Indian, Kebabs",150,40,Commercial Street,4.2,5000,,,
100365,The Salad Studio,"Healthy Food, Salads, Beverages",150,49,Indiranagar,4.4,1000,,,
100366,New Samrat Restaurant,"South Indian, North Indian, Snacks, Sweets",75,31,Seshadripuram,4.2,100,,,
100367,Sri Ranganatha Military Hotel,"South Indian, Biryani",120,32,Basavanagudi,4.2,500,,,
100368,Keventers - Milkshakes &amp; Desserts,"Beverages, Ice Cream, Desserts, Healthy Food",100,39,Magrath Road,4.4,500,,,
100369,UBQ by Barbeque Nation,"North Indian, Barbecue, Biryani, Kebabs, Mughlai, Desserts",150,37,Ashok Nagar,3.9,1000,,,
100370,Tapas Hideout,"North Indian, Snacks",150,43,Indiranagar,4,1000,,,
100371,Smoke House Deli,"Italian, Continental, Fast Food, Salads, Healthy Food, Pizzas, Desserts",400,32,Lavelle Road,4.5,10000,,,
100372,Simpli Namdhari's,"Chinese, European, Italian, North Indian, Salads, Pizzas, Juices, Beverages, Biryani, Bakery, Healthy Food",250,30,Brigade Road,3.9,100,,,
100373,Chinita Real Mexican Food,Mexican,500,54,Indiranagar,4.5,10000,,,
100374,Behrouz Biryani,"Biryani, Mughlai, Lucknowi, Hyderabadi, Kebabs, North Indian, Desserts, Beverages",250,26,Shantinagar,4.2,500,,,
100375,Get Caked,"Bakery, Fast Food, Snacks",75,36,Basavanagudi,3.7,20,,,
100376,Bombay Kulfis,"South Indian, North Indian, Desserts, Andhra, Beverages, Hyderabadi",150,26,Shanti Nagar,4.6,50,,,
100377,Madno - House of Sundaes,"Desserts, Ice Cream, Beverages",125,33,Brigade Road,3.9,50,,,
100378,Boobacha,"Beverages, Bengali",150,44,Malleshwaram,4,50,,,
100379,Sweet Truth - Cake and Desserts,"Snacks, Bakery, Desserts, Beverages",225,25,Shantinagar,4.3,50,,,
100380,A1 Chips,"Snacks, Sweets",125,32,Indiranagar,4.5,500,,,
100381,Desserted,"Beverages, Snacks, Fast Food, Indian, Chinese, Italian",300,34,Vasanth Nagar,4.5,50,,,
100382,Marcopolo cafe Koramangala,"Continental, Asian, Pizzas, Biryani, Pastas",375,42,Koramangala,4.1,100,,,
100383,Hotel Raghavendra Prasanna,"Beverages, South Indian",100,47,City Market,4.8,100,,,
100384,Rooftop Cafe,"Continental, American, Desserts, Italian",60,41,Jayanagar,3.7,500,,,
100385,Luckhnow Street,"Kebabs, Biryani, Awadhi",125,28,Ashok Nagar,3.7,100,,,
100386,Biryani Khazana,Biryani,125,39,Indiranagar,3.9,1000,,,
100387,Pizza Town,Pizzas,200,53,Shivaji Nagar,3.4,20,,,
100388,Pai Vihar Grand,"Chinese, North Indian, South Indian",125,31,City Market,4,1000,,,
100389,Temple of the Senses,"Healthy Food, Beverages",350,26,MG Road,4.5,100,,,
100390,Nirula's,"Ice Cream, Desserts, Beverages",250,25,Vasanth Nagar,4.3,50,,,
100391,The Only Place,"Continental, Steakhouse, American, Italian, Beverages, Desserts",500,34,Church Street,4.4,10000,,,
100392,Chef Bakers Cakes &amp; Savouries,"Bakery, Beverages, Desserts",200,28,Koramangala,3.6,100,,,
100393,Sea Spice Multicuisine Restaurant,"Seafood, Chinese, Biryani",200,39,Malleshwaram,4.6,50,,,
100394,Paratha Envy,North Indian,125,54,Koramangala,4.4,1000,,,
100395,The Brooklyn Creamery - Healthy Ice Cream,"Desserts, Ice Cream, Healthy Food",100,34,Seshadripuram,4.5,100,,,
100396,Momo Rice Noodles,"Chinese, Thai",175,32,Ejipura,4.2,1000,,,
100397,Brik Oven,"Italian, Pizzas, Desserts, Beverages",350,34,Church Street,4.2,10000,,,
100398,Suryawanshi,"Maharashtrian, Seafood, Beverages, Desserts, Thalis",300,60,Domlur,4.1,10000,,,
100399,Oven Story Pizza,"Pizzas, Pastas, Italian, Desserts, Beverages",200,34,Shantinagar,4,500,,,
100400,Anupams Coast II Coast,"Mangalorean, Chinese, North Indian, Mughlai, Punjabi, Awadhi",600,29,Church Street,4.3,500,,,
100401,Big Chow,"Asian, Chinese, Thai",150,36,Indiranagar,3.9,1000,,,
100402,Tandoor Hut,Biryani,150,43,Koramangala,4.4,10000,,,
100403,Sendhoor Nataraaj Restaurant,"Snacks, Biryani",200,30,Halasuru,4.3,100,,,
100404,Paratha Wala,North Indian,100,30,Basavanagudi,4,20,,,
100405,The SnackStop(Eswaris Homemade snacks),"Snacks, Indian, Sweets, Bakery, North Indian, South Indian, Home Food",75,29,Indiranagar,4.4,1000,,,
100406,Srinivasa Brahmins Bakery,Street Food,75,27,Basavanagudi,4.5,1000,,,
100407,Baskin Robbins - Ice Cream Desserts,"Desserts, Ice Cream",125,28,MAGARATH ROAD,4.4,20,,,
100408,Gullu's Chaat,"Chaat, Snacks, Fast Food",125,31,Seshadripuram,4,10000,,,
100409,Swathi Grand,"South Indian, Chinese",100,37,Vasanth Nagar,3.8,100,,,
100410,Yauatcha,Chinese,900,36,Halasuru,4.6,1000,,,
100411,Karnataka state CO-OPERATIVE fisheries federation,"Seafood, Indian",100,30,Jayanagar,4,500,,,
100412,R R Fruit Juice Center,"Juices, Beverages",100,42,Malleshwaram,3.5,20,,,
100413,Subbudus The SnackStop ( Eswaris Homemade snacks ),"Sweets, Snacks, Indian",75,31,Indiranagar,4.3,100,,,
100414,Sweet Chariot Cafe,Desserts,250,17,Ashok Nagar,4.4,1000,,,
100415,SVI Food,North Indian,100,52,Halasuru,4.5,1000,,,
100416,Third Wave Coffee,"Beverages, Bakery, Continental",200,28,Ashok Nagar,4.2,500,,,
100417,Koriken,"Korean, Snacks",200,34,Frazer Town,4.2,100,,,
100418,Salt Mango Tree,"Kerala, South Indian, Seafood, Biryani, Indian",150,48,Indiranagar,4.3,10000,,,
100419,Great Indian Khichdi by EatFit,"Home Food, Indian, North Indian, Healthy Food, Snacks, Desserts, Rajasthani, South Indian, Maharashtrian, Sweets",100,25,Vasanth Nagar,4.4,1000,,,
100420,Punjabi Unplugged,"North Indian, Chinese, Indian, Mughlai",150,33,Koramangala,3.8,1000,,,
100421,Habibi Falafel,"Middle Eastern, Lebanese, Mediterranean, Arabian",150,45,Indiranagar,4.4,5000,,,
100422,Virinchi Cafe,South Indian,125,19,Ashok Nagar,4.1,500,,,
100423,Mangaluru Seafood,"Mangalorean, Seafood",250,34,Jayanagar,4,10000,,,
100424,Shawarma on Wheels,"Arabian, Snacks, Fast Food",200,34,Central Bangalore,4.1,100,,,
100425,New Udupi Grand,"South Indian, North Indian, Chinese, Beverages",125,27,Adugodi,3.9,100,,,
100426,Subz,"North Indian, Chinese, Goan, Biryani, Chettinad, Desserts, Jain, Continental, Asian, Mughlai, Italian, South Indian, Bengali, Coastal",225,33,Jayanagar,4,500,,,
100427,Rajasthani Dhaba,"North Indian, Rajasthani, Snacks, Chaat",100,19,Shanthi Nagar,3.9,1000,,,
100428,Salt - Indian Restaurant Bar &amp; Grill,"South Indian, Indian, Combo, Biryani, Desserts",500,31,Whitefield,4.3,100,,,
100429,Burgerama,"Fast Food, American, Beverages",300,49,Indiranagar,4.1,1000,,,
100430,ITC Master Chef Creations,"North Indian, Biryani, Indian, Punjabi, Chaat, Kebabs, Tandoor, Mughlai, Desserts, Snacks",325,36,Dispensary Rd,4.5,50,,,
100431,Basaveshwara Khanavali,South Indian,100,28,Majestic,4.2,100,,,
100432,Sri Udupi Grand Veg,"Beverages, North Indian, South Indian",125,22,Shanti Nagar,4.2,500,,,
100433,Rollsking,"North Indian, Fast Food, Beverages",150,38,Koramangala,4.1,1000,,,
100434,Punjabi pure veg Restaurant since1994,"Chinese, Jain, North Indian",125,36,Majestic,3.7,1000,,,
100435,Sanman Restaurant,"South Indian, Indian, Chinese",150,35,Malleshwaram,4.4,500,,,
100436,Tussco,"Chinese, North Indian, Italian-American, Snacks, Fast Food",150,37,BTM Layout,4.8,20,,,
100437,Imli,"North Indian, Punjabi",200,41,Indiranagar,3.9,1000,,,
100438,Hatti Donne Biryani,"Biryani, South Indian, Chinese",100,29,Shanti Nagar,3.8,500,,,
100439,Ibaco,Desserts,400,24,Brigade Road,4.5,1000,,,
100440,Aligarh House -Mughla Biryani,"Biryani, Mughlai, Kebabs, North Indian, Lucknowi, Fast Food, Desserts, Beverages",200,24,Cunningham Road,4,100,,,
100441,New Bhimas Garden Veg,"Chinese, Chaat, Juices, North Indian, South Indian",100,35,Seshadripuram,3.2,100,,,
100442,Shree Mahalakshmi Sweets,"Sweets, Snacks",100,28,Basavanagudi,4.3,500,,,
100443,Oh! Calcutta,Bengali,400,32,Church Street,4.3,1000,,,
100444,Juice Junction &amp; Snacks,"Snacks, Chinese, Juices, Beverages",100,38,Jayanagar,4.3,1000,,,
100445,Happy Belly Bakes- Cakes and Desserts,"Desserts, Bakery, Snacks, Keto, Beverages",250,20,M G Road,4.6,1000,,,
100446,Kabab Korner,"North Indian, Chinese, Fast Food",250,18,St Marks Road,4.5,10000,,,
100447,South Ruchi,"Chinese, North Indian, South Indian",75,33,Chikpete,3.9,1000,,,
100448,SLAY Coffee Bar,"Beverages, Desserts",100,24,St. Marks Road,4.1,100,,,
100449,Kudla Beach,"North Indian, Chinese, Seafood, South Indian",200,40,Rajajinagar,3.8,1000,,,
100450,Shree Sagar,"South Indian, Indian, North Indian, Chinese",125,45,Malleshwaram,3.2,20,,,
100451,Wheat Barn,"Pizzas, Desserts, Beverages, Snacks",225,43,Koramangala,4.1,1000,,,
100452,Namma Adda,Indian,175,33,Ashok Nagar,3,100,,,
100453,Puliyogare Palace,"Desserts, Bakery, North Indian, Chinese, Italian, Fast Food, Indian, Snacks",125,40,Indiranagar,2.5,100,,,
100454,KFDC Mathsya Darshini,"Indian, Seafood, Biryani",200,37,Chamarajpet,4.4,20,,,
100455,Kunafa Lounge,"Desserts, Beverages, Bakery, Ice Cream, Juices",125,41,Koramangala,4,50,,,
100456,Sakkath Dosa,South Indian,75,31,Basavanagudi,4.1,100,,,
100457,Lakeview Milkbar,"Desserts, Ice Cream, Bakery",225,28,MG Road,4.2,10000,,,
100458,Indian Restaurant,"North Indian, Kebabs, Desserts, Salads",125,35,Frazer Town,4.4,20,,,
100459,Say Cheese Cake,"Desserts, Beverages, Bakery",88,37,Koramangala,4.3,1000,,,
100460,Living Bowls,"Salads, Keto, Juices, Healthy Food",175,37,Indiranagar,4.2,500,,,
100461,Kim Lee Restaurant,Chinese,200,34,Rajajinagar,4.5,5000,,,
100462,"No Sugar Please, Sweets &amp; Juices","Beverages, Keto, Chaat, Desserts, Salads, Snacks, Street Food, Mediterranean, Thai, Healthy Food, Juices, Indian, Ice Cream",100,52,Tavarekere,4.4,1000,,,
100463,Fruit Bae,"Beverages, Desserts",75,36,Mysore Road,4,20,,,
100464,ITC Aashirvaad Soul Creations,Indian,250,31,Dispensary Rd,4.6,50,,,
100465,Foo Brigade Road,"Asian, Chinese, Sushi",500,48,PRESTIGE FORUM REX,4.2,50,,,
100466,Davanagere Benne Dose,South Indian,60,32,Jayanagar,4.2,1000,,,
100467,Chaayos Chai+Snacks=Relax,"Bakery, Beverages, Chaat, Desserts, Home Food, Italian, Maharashtrian, Snacks, Street Food, Sweets",125,28,Cunningham Road,4.4,500,,,
100468,Dyu Art Cafe,"Italian, Continental, Beverages, Desserts",200,39,Koramangala,4.4,1000,,,
100469,Sri Jayalakshmi Bakery,"Bakery, Snacks, Desserts",125,27,Shanti Nagar,4.2,100,,,
100470,Just Bake,"Bakery, Desserts, Snacks",100,29,Frazer Town,3.7,100,,,
100471,Misu,"Asian, Chinese, Vietnamese, Malaysian, Sushi, Singaporean, Desserts",650,26,St Marks Road,4.4,1000,,,
100472,Palmgrove Ballal Residency,"Chinese, Coastal, Desserts, Jain, North Indian, South Indian",200,34,Residency Road,4.5,1000,,,
100473,Punjabi Dhaba,Punjabi,175,30,Majestic,4.1,100,,,
100474,Toscano,"Italian, Pizzas, Pastas, Continental, Desserts, Bakery",600,34,Lavelle road,4.3,1000,,,
100475,Sampurna Andhra Restaurant,"North Indian, Andhra, Biryani, Desserts, Snacks, Seafood",100,38,Halasuru,4.1,1000,,,
100476,Biryanis And More,"North Indian, Chinese, Andhra, Biryani, South Indian, Mexican",200,46,Jayanagar,4.2,10000,,,
100477,Rolls Mania,Indian,100,28,St. Marks Road,4.1,1000,,,
100478,M/s. SUKHSAGAR HOTEL GANDHINAGAR,North Indian,100,34,Majestic,4.2,500,,,
100479,Rolls &amp; Bowls Company,"Indian, North Indian, Chinese",125,29,Adugodi,3.4,100,,,
100480,SMV Snacks corner,"Chaat, Fast Food, Sushi, Ice Cream, Desserts",75,28,Basavanagudi,4.2,100,,,
100481,"Bhartiya Jalpan - Sweets, Dry Fruit and Savouries","North Indian, Sweets, Desserts, Chaat",150,40,Shivajinagar,4.3,500,,,
100482,The Daily Bowl,Indian,125,45,Indiranagar,3.6,500,,,
100483,Hot Momo Darjeeling Style,Chinese,125,39,Koramangala,4.2,500,,,
100484,Southly Healthy By Adiga's,"South Indian, Healthy Food",100,26,Majestic,3.5,100,,,
100485,Little Black Choux,"Italian, Continental, Desserts",150,54,Indiranagar,4.2,500,,,
100486,Cafe Coffee Day,"Beverages, Snacks, Desserts",150,36,Ashok Nagar,4.2,50,,,
100487,Hotel Ocea,"Arabian, Chinese, Desserts, North Indian, Seafood, South Indian",150,26,Brigade Road,4.4,1000,,,
100488,Jmv Condiments,Snacks,100,24,Audgodi,4.6,100,,,
100489,Protein Chef,"Healthy Food, Indian, Snacks, Fast Food",150,46,Indiranagar,4.1,100,,,
100490,Bhole Ke Chole,"North Indian, Fast Food, Snacks, Beverages",100,33,Koramangala,3.8,20,,,
100491,Donne Biryani Corner Nati Style,"Biryani, Indian",150,29,Brigade Road,4.5,20,,,
100492,The Bengal Club,Bengali,250,34,Domlur,4.1,1000,,,
100493,Sri Venkateshwara Sweet Meat Stall,"Snacks, Sweets",150,27,Basavanagudi,4.6,500,,,
100494,Empire Juices and Desserts,"Ice Cream, Juices",100,24,Ashok Nagar,2.8,20,,,
100495,Mini Samrat Chalukya,"South Indian, North Indian, Chinese, Desserts",175,27,Vasanth Nagar,4.3,1000,,,
100496,Rolls On Wheels,Snacks,150,28,ST MARKS ROAD,4.2,10000,,,
100497,Mealful Rolls - India's Biggest Rolls,"Fast Food, Snacks, North Indian, Desserts",125,31,Lakshmi Road,4.6,20,,,
100498,Itminaan Matka Biryani - Slow Cooked,"Biryani, North Indian, Mughlai",125,37,Shanti Nagar,3.9,20,,,
100499,ZAZA Mughal Biryani,"Biryani, North Indian, Awadhi",125,23,Shanti Nagar,4.4,20,,,
100500,CakeZone,"Bakery, Desserts, Sweets, Ice Cream",100,38,Domlur layout,4.4,10000,,,
100501,NH1 Bowls - Highway To North,"North Indian, Punjabi, Home Food",125,22,Shanti Nagar,4.3,50,,,
100502,Roti Ghar,"Chinese, South Indian, North Indian, Desserts, Fast Food, Beverages, Mughlai",200,31,Basavanagudi,4.2,10000,,,
100503,Asha Food Camp,Indian,125,31,Rajajinagar,4.4,1000,,,
100504,Sri Krishna Sagar,"South Indian, North Indian, Beverages, Jain",100,36,Koramangala,4.3,10000,,,
100505,Barista Coffee,"Beverages, Snacks, Desserts",175,35,Sadashiv Nagar,4,500,,,
100506,South Thindis,"South Indian, Sweets, Snacks",100,28,Basavanagudi,4.1,20,,,
100507,Suzy Q by 1522,"Indian, Continental, Seafood, Asian, Chaat, Desserts",400,31,Cunningham Road,4.3,500,,,
100508,Dil Punjabi,"North Indian, Punjabi, Thalis, Tandoor, Mughlai, Home Food, Barbecue, Beverages, Desserts, Healthy Food, Indian, Kebabs, Snacks, Street Food",150,32,Koramangala,3.7,100,,,
100509,Hyderabad Biryaani House,Indian,250,20,Ashok Nagar,4.1,5000,,,
100510,Blue Tokai Coffee Roasters,"Cafe, Healthy Food, Beverages, Desserts, American, Pizzas, Burgers",400,30,Shivaji Nagar,4.6,500,,,
100511,Matsuri - The Chancery Hotel,"Japanese, Chinese",400,31,Lavelle Road,4.7,20,,,
100512,JW Kitchen - JW Marriott,"Indian, Continental, Asian",500,28,Lavelle Road,4.1,500,,,
100513,Momo Zone - The Momo Company,"Chinese, Tibetan, Fast Food",100,36,Vasanth Nagar,2.8,50,,,
100514,Cookie Man,"Desserts, Ice Cream, Bakery",70,22,Magrath Road,4.4,100,,,
100515,Cafe Zyke,"Chinese, Pastas, Chaat, Beverages",175,37,Shivajinagar,4.3,50,,,
100516,Hotel Tom's Restaurant,"Mangalorean, Biryani, Seafood, Chinese, North Indian, Desserts, South Indian",200,25,Ashok Nagar,4.4,10000,,,
100517,Hotel Nandhin,"North Indian, Biryani, Chinese, Seafood, Tandoor, Beverages",200,35,Jayanagar,4.2,100,,,
100518,Taiki,"Japanese, Pan-Asian, Korean, Thai, Sushi, Beverages, Asian, Chinese",400,43,Jayanagar,4.1,1000,,,
100519,Barbecue by Punjab Grill,"North Indian, Kebabs, Biryani, Mughlai",450,40,FORUM REX WALK,4.9,20,,,
100520,New Krishna Bhavan (Gopika A/C),"South Indian, North Indian, Chinese, Jain, Sweets",150,37,Malleshwaram,4.3,10000,,,
100521,Go Native,"Healthy Food, Jain, North Indian, South Indian",300,34,Lavelle Road,4.4,1000,,,
100522,Savi Sagar,"South Indian, North Indian, Chinese, Beverages",75,35,Rajajinagar,4.1,1000,,,
100523,Avanthi - Aromas of Andhra,"Andhra, Biryani, Tandoor",350,47,Indiranagar,3.7,500,,,
100524,The Rice Bowl,Chinese,225,27,Lavelle Road,4.3,1000,,,
100525,KUBO,"Japanese, Asian, Chinese, Sushi, Burmese",500,43,Jayanagar,4.2,100,,,
100526,Navya Samrat,"North Indian, South Indian, Chinese, Tandoor, Beverages",250,23,Ashok Nagar,4.3,50,,,
100527,Magic Pizza,"Pizzas, Desserts",225,40,Indiranagar,3.4,50,,,
100528,New Govind Rao Military Hotel,Biryani,100,33,Majestic,3.4,1000,,,
100529,Aaliyar Ambur Dum Biryani,Indian,100,29,Brigade Road,3.3,50,,,
100530,Mudpipe Cafe,"Mexican, Continental",250,32,Cunningham Road,4.2,1000,,,
100531,Amman Parotta Plaza,South Indian,150,33,Rajajinagar,3.9,50,,,
100532,Super Spoon,"Chinese, Thai, Biryani",125,39,Malleshwaram,4,20,,,
100533,Roti Tawa Ki,"Indian, Fast Food, Thalis",100,45,Koramangala,4.3,20,,,
100534,The Dessert Heaven - Pure Veg,"Bakery, Desserts, Sweets, Ice Cream",100,43,Domlur layout,4.4,100,,,
100535,Nammura Donne Biriyani,"Indian, South Indian",175,33,Basavanagudi,2.6,100,,,
100536,JK Meridian - Jk Coastal Curry,"Snacks, Chinese, North Indian",250,32,Basavanagudi,4.1,50,,,
100537,Samosa Singh,"Snacks, North Indian, Beverages",75,35,Central Bangalore,4.3,50,,,
100538,Goli Vada Pav,"Street Food, Snacks, Fast Food",75,34,Koramangala,4.3,20,,,
100539,Paratha Box - Desi Punjabi Meals,"North Indian, Fast Food, Street Food, Arabian, Mughlai, Snacks, Beverages, Desserts",125,30,Vasanth Nagar,4.2,100,,,
100540,Azukii Bistro,"Japanese, Asian, Desserts, Pan-Asian, Bakery, Snacks",600,29,Richmond Town,4.6,100,,,
100541,Hotel Karavali Beach,"Seafood, Mangalorean, Coastal",150,31,Majestic,3.8,1000,,,
100542,Bowl 99,Indian,125,50,Indiranagar,3.5,100,,,
100543,Pure Veg Meals by Lunchbox,"Biryani, North Indian, Desserts, Beverages",100,35,Vasanth Nagar,4,100,,,
100544,Candy Cloud Factory,"Desserts, Ice Cream, Waffle, Fast Food, Beverages",125,35,Basavanagudi,3.8,50,,,
100545,Chung's Pavilion,Chinese,300,43,Indiranagar,4.4,5000,,,
100546,Pasta Street,"Italian, Pizzas, Pastas, Desserts, Beverages",450,25,Cunningham Road,4.3,5000,,,
100547,Shiv Sagar ( RS ),"Asian, Beverages, Biryani, Chinese, Continental, Desserts, South Indian",300,25,Ashok Nagar,4.1,5000,,,
100548,Shiro,"Japanese, Asian",700,47,Vittal Mallya Road,4.4,1000,,,
100549,Rosy Roti,"Home Food, North Indian, Punjabi, Snacks, Desserts",100,45,Indiranagar,4.3,1000,,,
100550,V Cafe - Meals By PVR,"Pizzas, Snacks, American",200,44,Adugodi,3.4,50,,,
100551,Shiv Sagar,Indian,125,31,Magrath Road,3.9,100,,,
100552,Sante Spa Cuisine,"Healthy Food, Continental, American, Italian, North Indian",500,48,Domlur,4.3,1000,,,
100553,Sanidhya Veg,"South Indian, Chinese, Chaat",500,28,Shanti Nagar,4.1,100,,,
100554,Pablo's Sandwiches,"Healthy Food, American, European, Bakery, Juices, Sweets, Snacks, Cafe, Fast Food, Beverages, Desserts",125,63,Koramangala,4.4,100,,,
100555,ARAKU Coffee,"Bakery, Beverages, Continental, Desserts, Healthy Food, European",250,51,Indiranagar,4.4,100,,,
100556,Sri Udupi Vaibhava,"South Indian, Chinese",100,35,Jayanagar,4,20,,,
100557,Green Cravings,"Healthy Food, Fast Food, Grill",175,33,Richmond Town,4,1000,,,
100558,HRX by EatFit,"Healthy Food, Salads, Keto",225,25,Cunningham Road,4.5,100,,,
100559,Momo Hut,"Tibetan, Chinese",100,51,Koramangala,4,1000,,,
100560,Miller's 46,"American, Continental, Steakhouse",550,31,Vasanth Nagar,4.5,5000,,,
100561,Food Paradise,"Mughlai, North Indian, Chinese",125,37,Seshadripuram,4,10000,,,
100562,Pulimunchi,"South Indian, Chinese, Biryani, Desserts",100,39,Sadashiv Nagar,4.2,500,,,
100563,Via Milano,"Italian, Pizzas, Pastas, Continental, Grill, Greek, Salads",400,30,Jayanagar,4.2,100,,,
100564,Nando's,"Portuguese, Burgers, Fast Food",175,38,Ashok Nagar,4.1,100,,,
100565,Dolci Desserts,"Desserts, Bakery, Pizzas, Salads, Pastas",300,34,Cunningham Road,4.4,1000,,,
100566,Sikandar Rolls,"North Indian, Kebabs, Beverages, Desserts",150,31,M G Road,4.5,1000,,,
100567,Trattoria By Toscano,"Italian, Pizzas, Pastas, Continental, Desserts, Bakery",300,29,Ashok Nagar,4.1,100,,,
100568,Swagat Restaurant,"Indian, Beverages, Ice Cream",175,35,Rajajinagar,4,100,,,
100569,Cold Stone Creamery,"Ice Cream, Desserts, Beverages",100,50,Rajajinagar,4.6,50,,,
100570,Millet Express,"Healthy Food, South Indian, North Indian, Biryani, Chinese, Beverages",75,40,Indiranagar,4.3,1000,,,
100571,Kebapci,"Turkish, Middle Eastern, Lebanese",300,42,Koramangala,4.3,500,,,
100572,Bodypower Cafe,"Indian, South Indian, Healthy Food, Beverages",225,39,Indiranagar,4.2,100,,,
100573,Punjab Grill,"North Indian, Kebabs, Biryani, Mughlai",450,45,Ashok Nagar,4.2,100,,,
100574,Tottos pizza,"Continental, Italian",250,33,Ashok Nagar,4.1,100,,,
100575,1947 Restaurant,"North Indian, Chinese, Desserts, Biryani",450,38,Malleshwaram,4.4,5000,,,
100576,Kabab Magic Roll,Snacks,200,39,Richmond Road,3.3,50,,,
100577,Biryani Trip - Destination Hyderabad,"Fast Food, Snacks",90,28,Seshadripuram,3.8,20,,,
100578,Mystique Palate,Fast Food,75,37,Jayanagar,4.3,1000,,,
100579,The Royal Corner - Pai Viceroy,"North Indian, Chinese",350,45,Jayanagar,4.2,1000,,,
100580,Guntur Spice,"Indian, Chinese, Beverages",250,31,Jayanagar,3.9,100,,,
100581,Thin Tony's Pizza,"Pizzas, Italian-American, Continental",600,52,Indiranagar,4.4,100,,,
100582,Chaat Street Express,"Snacks, Chaat, Street Food, North Indian, Fast Food",75,37,Koramangala,3.8,5000,,,
100583,Tandoori Taal,Indian,350,35,Ashok Nagar,4.4,1000,,,
100584,Maverick &amp; Farmer Coffee,"American, Pizzas, Snacks, Beverages",400,32,Ulsoor,4.5,500,,,
100585,Edesia by Freshmenu,"Desserts, Bakery, Fast Food",75,34,Richmond Town,3.8,100,,,
100586,Kai Pakkuvam,Biryani,100,37,Koramangala,3.7,500,,,
100587,Burger It Up,"Burgers, Beverages, Desserts, American, Cafe",75,37,Vasanth Nagar,3.2,100,,,
100588,DonBuri,"Continental, Chinese, Oriental, Asian, Healthy Food, Fast Food, Indian, Desserts",125,32,Richmond Town,4.2,20,,,
100589,Soroush Biriyani,"Biryani, Mughlai",175,35,Richmond Town,3.5,100,,,
100590,Chaatimes,"Chaat, Beverages",75,31,Ulsoor,4.2,500,,,
100591,Nammur Joint,"Snacks, Beverages, Ice Cream",100,39,Jayanagar,4.5,50,,,
100592,Shyvan Fast Food,"North Indian, Chinese",100,26,Ashok Nagar,4.3,100,,,
100593,New Kudla,"Chinese, North Indian, Seafood, South Indian",150,39,Lido Mall,3.3,500,,,
100594,DAKSHIN(Authentic Coastal Cuisine),"Coastal, Seafood, Indian, Tandoor, Biryani, Desserts, Konkan, Mangalorean",400,39,Indiranagar,5,20,,,
100595,Cupcake Bliss Cake &amp; Desserts,"Bakery, Desserts, Ice Cream, Beverages",100,33,Vasanth Nagar,3.7,100,,,
100596,Phra Nakhon,Thai,325,39,Koramangala,4.6,100,,,
100597,Kabab Biryani Corner,"Indian, Tandoor, Chinese",100,37,Richmond Road,3.1,20,,,
100598,Cream And Fudge,"Ice Cream, Desserts",100,50,Malleshwaram,2.8,20,,,
100599,Candice's Gourmet Sandwiches,"Continental, American",325,54,Indiranagar,4.6,5000,,,
100600,House of Andhra,"Andhra, Biryani, Barbecue, Beverages, Chettinad, Healthy Food, Indian, Kebabs, Meat, Snacks, Thalis",250,33,Koramangala,3.6,20,,,
100601,Chianti,"Italian, Pizzas, Salads, Pastas, Desserts",625,30,MG Road,4.4,1000,,,
100602,Maiyas Restaurants,South Indian,125,31,Jayanagar,4.3,10000,,,
100603,Crazy Pizza,"Fast Food, Italian",200,35,Magrath Road,3.8,100,,,
100604,Aalishan Restaurant &amp; Caterer,"Mughlai, North Indian",145,33,Koramangala,4.2,10000,,,
100605,Maalgaadi by Dhaba Estd 1986 Delhi,"North Indian, Indian, Biryani, Punjabi, Kebabs, Grill, Mughlai, Desserts",150,28,Forum Rex Walk,4.6,20,,,
100606,Indiana Burgers,"Burgers, American, Fast Food, Beverages, Desserts",75,32,Vasanth Nagar,3.7,100,,,
100607,The Bangalore Cafe,"North Indian, Chaat, Chinese, Pizzas, Desserts",200,40,Shanti Nagar,4.1,1000,,,
100608,Fish Land,"Seafood, North Indian, Chinese",250,25,Majestic,4.2,500,,,
100609,Tibb's Frankie,Fast Food,100,24,Shivajinagar,4.1,5000,,,
100610,Mamagoto,"Chinese, Asian, Pan-Asian, Thai, Oriental",450,55,Indiranagar,4.1,10000,,,
100611,Flying Kombucha,"Healthy Food, Beverages, Juices",100,28,MG Road,4.5,20,,,
100612,Shawarma and Grill House,Arabian,100,38,Rajajinagar,3.5,100,,,
100613,Mewar Kitchen,"North Indian, Snacks",175,41,Koramangala,4,100,,,
100614,Deja Bowl,"North Indian, Home Food, Desserts, Indian, Punjabi, Chinese",150,46,Indiranagar,4,500,,,
100615,PORTLAND GRILL &amp; CAFE,"American, European",750,41,MG Road,4.1,1000,,,
100616,The Khichadi Factory,North Indian,150,48,Indiranagar,3.9,1000,,,
100617,Hatti Kaapi - Coffee and more,"Beverages, South Indian, Snacks, Combo, Bakery",60,22,Ashok Nagar,4.3,1000,,,
100618,Apna Ghar,"Punjabi, North Indian, Thalis",100,28,Jayanagar,3.9,50,,,
100619,Zingron,Chinese,375,46,Koramangala 7th Block,4,500,,,
100620,Black Kitchen,"Kerala, Indian, Arabian",100,38,Koramangala,3.7,500,,,
100621,Salad Days,"Salads, Healthy Food, Beverages",250,44,Indiranagar,4.8,20,,,
100622,Savjis,"Maharashtrian, Biryani, Indian",300,37,Basavanagudi,3.5,50,,,
100623,UFF Urban Food Factory,"Indian, Seafood, Chinese, Snacks",150,38,Jayanagar,3.8,100,,,
100624,ZAZA Mughal Biryani,"Biryani, North Indian, Awadhi",125,23,Shanti Nagar,4.4,20,,,
100625,McCafe by McDonald's,"Beverages, Desserts",125,39,Halasuru,4.5,20,,,
100626,The Doner Company - Shawarmas &amp; More,"Middle Eastern, Lebanese, Fast Food",250,27,Central Bangalore,3.8,20,,,
100627,A Naidu's Ootada Mane,Indian,125,56,#N/A,3.1,#N/A,,,
100628,Fusion Biryani,"Biryani, Desserts",125,37,Halasuru,3.5,20,,,
100629,Love And Crumble,"Bakery, Desserts",200,44,Malleshwaram,4.8,20,,,
100630,Minus 30,"Ice Cream, Desserts, Healthy Food, Beverages",300,21,Shivajinagar,4.6,100,,,
100631,Mandarin Box,Chinese,300,21,Ashok Nagar,4.1,500,,,
100632,Patiala NH 44,"Indian, Chinese, Tandoor",250,34,Basavanagudi,3.8,1000,,,
100633,SLAY Coffee,"Cafe, Beverages, Desserts, Snacks, Pastas",100,39,Basavanagudi,4.3,1000,,,
100634,Dilli Wali Thali,"North Indian, Chinese, Tandoor",125,34,Btm Layout,3.5,100,,,
100635,Ghee Tadka Khichdi,"Indian, Home Food",150,29,Seshadripuram,4.3,20,,,
100636,Infinitea,"Italian, French, Pastas, Salads, Continental, North Indian, Beverages, Pizzas, Chinese, Mexican, Thai, European, Bakery",500,28,Ashok Nagar,4.4,5000,,,
100637,Mainland China,"Chinese, Asian, Oriental, Thai, Pan-Asian, Seafood, Desserts",425,40,Church Street,4.4,1000,,,
100638,Suzy Q by 1522,"Indian, Continental, Seafood, Asian, Chaat, Desserts",400,31,Cunningham Road,4.3,500,,,
100639,Thai House,Thai,450,54,Indiranagar,4,1000,,,
100640,Sultans of Spice,"North Indian, Chinese, Biryani",300,51,Koramangala,4.2,1000,,,
100641,Bologna Italian Restaurant,Indian,300,39,BTM Layout,4.8,20,,,
100642,Asia Seven - Sizzling Chinese,"Chinese, Asian, Pan-Asian, Thai",200,46,Malleshwaram,3.8,100,,,
100643,Olio - The Wood Fired Pizzeria,"Pizzas, Italian",150,42,Koramangala,4.2,100,,,
100644,Ammaiyar Restaurant,"Chinese, Indian, Seafood, Arabian",225,31,Frazer Town,4.3,100,,,
100645,The Bangalore Tiffanys,South Indian,100,29,Vijay Nagar,4.2,20,,,
100646,The Bier Library,"Continental, North Indian, Pizzas, American, Mexican, Italian, Beverages",300,41,Koramangala,4.5,500,,,
100647,The Momo Co.,"Chinese, Asian, Tibetan, Desserts",125,34,Adugodi,3.8,100,,,
100648,Sanchez,Mexican,600,29,Vittal Mallya Road,4.4,100,,,
100649,The Licious Kitchen,"Kebabs, Snacks, Tandoor, North Indian, Beverages",175,45,Koramangala,4.2,1000,,,
100650,Potlam Biriyani,"Chinese, Biryani",200,36,Central Bangalore,4.1,20,,,
100651,Roomali,"North Indian, Indian",500,30,Ashok Nagar,4.2,5000,,,
100652,Green Theory,"Italian, Continental, Healthy Food",500,31,Richmond Town,4.1,1000,,,
100653,HomeSe Just Veg,"South Indian, North Indian",100,31,Majestic,3.1,1000,,,
100654,Casa Fresco,"American, Italian, Continental, Pastas, Steakhouse, Pizzas, Healthy Food, Beverages",225,54,Domlur,4.3,100,,,
100655,New Fish Land,"Seafood, Chinese, Indian, South Indian",150,41,Malleshwaram,3.7,20,,,
100656,Tbk Rolls &amp; Grills,"Arabian, Beverages, Fast Food, Snacks",100,49,Koramangala,4,20,,,
100657,Parijata pure veg,South Indian,100,25,Richmond Town,4.3,100,,,
100658,ITC Fabelle Chocolates,"Bakery, Desserts",300,35,Ashok Nagar,4.1,100,,,
100659,Kund Indian Barbeque,"Mughlai, North Indian, Biryani, Kebabs, Desserts",100,48,Indiranagar,4.3,10000,,,
100660,Samrudh Veg,"South Indian, Chinese",75,38,Cunningham Road,4,100,,,
100661,Tarbouche,"Arabian, Lebanese, Turkish, Mediterranean",250,35,Koramangala,3.8,10000,,,
100662,Gam's Delicacy,"Assamese, Chinese, North Indian, Continental",400,47,Koramangala,4.5,1000,,,
100663,Little White Kitchen,"Chinese, Continental, Italian",150,29,Ashok Nagar,4.5,1000,,,
100664,Old Madras Baking Company,"Bakery, Desserts",225,16,St. Marks road,4.5,50,,,
100665,Ebony,"North Indian, Tandoor, Indian",500,32,Ashok Nagar,4.5,500,,,
100666,Coastal Machali Co,"Indian, Asian, Tandoor, Seafood, Chinese, Coastal",300,32,Residency Road,4.3,100,,,
100667,Hive Honey Cake,"Bakery, Desserts, Cafe",100,24,Shivaji Nagar,4.6,100,,,
100668,Biryani Hotel,"Biryani, Indian, Arabian",75,43,Koramangala,3.2,100,,,
100669,Sukh Sagar,"South Indian, Chinese, Beverages",125,34,Jayanagar,3.9,100,,,
100670,DA Ying Yang,Chinese,120,29,Vasanth Nagar,4.1,5000,,,
100671,Pakwan,"North Indian, Chinese, Desserts, Jain, Continental, Italian, Beverages",300,44,Sadashiva Nagar,4.1,1000,,,
100672,PVR Cafe,"Snacks, Fast Food, Beverages",125,32,Vijayanagar,3.4,100,,,
100673,The Burger Craft,Continental,300,43,Koramangala,4.2,100,,,
100674,McDonald's Gourmet Burger Collection,"Burgers, Beverages, Cafe, Desserts",300,24,MG Road,4,50,,,
100675,The Little Calicut,"South Indian, Biryani, Snacks",190,35,Koramangala,3.8,50,,,
100676,Thanco's Natural Ice Cream,"Ice Cream, Desserts",85,34,Indiranagar,4.5,50,,,
100677,Hotel Green Tara,"Chinese, Tibetan",150,37,Ashok Nagar,4.4,100,,,
100678,Labonel Fine Baking,"Bakery, Desserts",600,31,Malleshwaram,4.6,20,,,
100679,Breakfast Wala,North Indian,75,50,Indiranagar,3.9,500,,,
100680,Phobidden Fruit,"Vietnamese, Asian, Beverages",750,55,Indiranagar,4.6,1000,,,
100681,Bareerah Multicuisine Restaurant,"Chinese, Continental, Indian, Arabian",250,26,Commercial Street,4.1,1000,,,
100682,Sunny's,"European, American, Italian, Seafood, Continental, Desserts, Beverages, Pan-Asian, Japanese",1000,27,Lavelle Road,4.3,1000,,,
100683,Kaati Zone Rolls &amp; Wraps,"Fast Food, Bengali, Beverages, Desserts",75,28,Vasanth Nagar,3.6,100,,,
100684,The Kolkata Katiroll,"Snacks, Beverages, Chinese",100,51,Indiranagar,4.1,1000,,,
100685,The Ganache Factory - Cakes &amp; Desserts,"Desserts, Bakery, Ice Cream",200,27,Richmond Town,4.1,100,,,
100686,Zubaan Arabian Kitchen,"Arabian, Lebanese, Turkish",250,45,Koramangala,3.8,100,,,
100687,Eden Park,"North Indian, Chinese, Seafood, Andhra, Biryani, Desserts, Jain, Mughlai, South Indian, Coastal, Beverages",500,29,Ashok Nagar,4.3,1000,,,
100688,BMD - Burgers. Melts. Dogs : Premium Sandwiches,"American, Healthy Food, Beverages, Desserts, Continental",300,34,Cunningham Road,4.1,100,,,
100689,Sicilia Pont (Italian Restaurant ),"Pizzas, Italian, Desserts, Beverages, Snacks",150,31,Rajajinagar,4.3,100,,,
100690,Barista Coffee,"Beverages, Snacks, Desserts",175,35,Sadashiv Nagar,4,500,,,
100691,Roti Wale,"Home Food, North Indian, Thalis",150,53,Koramangala,4.5,100,,,
100692,TART Cafe,"Bakery, Desserts, Pastas",375,27,Central Bangalore,4.5,20,,,
100693,Biryani House,"Biryani, Beverages, South Indian, North Indian",125,41,Rajajinagar,3.5,20,,,
100694,Lo! - Low Carb and Keto Foods,"Healthy Food, Keto, North Indian, Continental",75,41,Indiranagar,4.3,1000,,,
100695,Toscano's Crafted Cakes and Desserts,"Desserts, Bakery",300,28,Ashok Nagar,4.3,100,,,
100696,Curry Leaves,"Coastal, Andhra, Chinese, Indian",250,41,Basavanagudi,4.1,1000,,,
100697,Udupi Sri Krishna Vaibhava,"South Indian, Chinese, Desserts",75,33,Jayanagar,4,100,,,
100698,Pabrai's Fresh and Naturelle Ice Creams,"Ice Cream, Desserts",90,20,Brigade Road,4.6,1000,,,
100699,Stories of Kitchen,North Indian,350,40,Malleshwaram,4.3,20,,,
100700,Khao Momo,"Tibetan, Nepalese, Asian, Chinese",125,46,Indiranagar,4.3,500,,,
100701,Burritos &amp; Bowls Mexican Kitchen,"Mexican, Salads",225,39,Koramangala,4.3,100,,,
100702,Burger Man,"American, Continental, Snacks",200,52,Indiranagar,4.2,100,,,
100703,Bamey's Restro Cafe,"Chinese, Thai, Nepalese",200,37,Koramangala,4.4,5000,,,
100704,Delhi Highway,"Indian, Jain, North Indian, Mughlai",550,57,Indiranagar,4,100,,,
100705,Sodabottleopenerwala,"Parsi, Indian",250,31,Lavelle Road,4.2,1000,,,
100706,The Momos And Chaap,"Indian, Beverages, Chinese",200,42,Indiranagar,4.1,100,,,
100707,Five star chicken Domlur,"Burgers, Fast Food",200,49,Domlur,3.9,100,,,
100708,Winginit,"Snacks, American, Fast Food, Beverages",125,43,Ulsoor,4.2,100,,,
100709,MiMi Chinese Takeout,"Chinese, Asian, Thai, Pan-Asian, Vietnamese, Japanese",425,39,Jayanagar,4,100,,,
100710,US Pizza,"Pizzas, Beverages, Salads, Pastas, Desserts",200,35,Shivajinagar,2.9,50,,,
100711,Frosty Crumble,"Desserts, Ice Cream, Beverages",225,22,Ashok Nagar,4.7,1000,,,
100712,Sanadige by Goldfinch,"Coastal, Mangalorean, Seafood, Goan, South Indian, North Indian, Chinese, Desserts, Beverages",600,44,Seshadripuram,4.2,100,,,
100713,Keventers Ice Cream,"Ice Cream, Desserts",100,34,Magrath Road,4.4,50,,,
100714,ATH - All Things Healthy!,"Healthy Food, Indian, Bakery, Snacks, North Indian, Keto",100,38,Indiranagar,4.3,500,,,
100715,KARIM'S- Original from Jama Masjid Delhi- 6,"Mughlai, Biryani, North Indian, Kebabs, Desserts",400,28,St Marks Road,4.1,100,,,
100716,Paratha House,North Indian,100,26,Shanti Nagar,3.8,20,,,
100717,La Fresca Pasta,"Italian, Pastas, Continental, Beverages, Pizzas",300,34,Koramangala,4.1,100,,,
100718,The Betel Leaf Co.,"Paan, Desserts, Indian, Ice Cream",100,26,Seshadripuram,4.4,1000,,,
100719,ITC Gardenia - Nutmeg The Gourmet Shop,"Bakery, Desserts",500,41,Ashok Nagar,3.8,20,,,
100720,Spiga,"Continental, Mediterranean, Pan-Asian, Healthy Food, Salads, Desserts",150,53,Indiranagar,4,500,,,
100721,Street Storyss,"Continental, Italian, Pizzas, North Indian, Asian, Mediterranean, Desserts",600,54,Indiranagar,4.4,500,,,
100722,Lucknowee,"North Indian, Biryani, Kebabs",300,50,Koramangala,4,100,,,
100723,The Green Path,Beverages,155,58,Malleshwaram,4.7,20,,,
100724,Brassa,"Mexican, Japanese, Italian, Mediterranean, Lebanese",850,28,Central Bangalore,4.4,20,,,
100725,Yumlane Pizza,"Pizzas, Beverages, Desserts, Snacks",150,44,Koramangala,3.5,1000,,,
100726,The Home Bakery,"Bakery, Desserts",100,30,Frazer Town,4.4,20,,,
100727,Ketogenic Foods,"Continental, Desserts, Healthy Food",600,37,Vasanth Nagar,4.4,100,,,
100728,ROYCE' Chocolate,Desserts,375,44,Ashok Nagar,4.9,100,,,
100729,Ghar Ki Rasoi,"Chinese, Italian, North Indian",150,47,Indiranagar,3.8,1000,,,
100730,Robin Brown Ice Cream,Desserts,125,29,Shivajinagar,4.8,100,,,
100731,Ice Cream by the Scoop,Ice Cream,75,43,Koramangala,4.3,50,,,
100732,Bearfoot Bistro,"Pizzas, Continental",150,47,Koramangala,4.2,500,,,
100733,Zed The Baker,"Desserts, Bakery, Italian",250,25,Church Street,4.2,100,,,
100734,Karnatic,"South Indian, Desserts, Kerala, Andhra, Beverages, Seafood, Hyderabadi",200,35,Church Street,4.3,500,,,
100735,Kamat Restaurant,"Chinese, North Indian, South Indian, Sweets",200,27,City Market,3.6,1000,,,
100736,Watson's,"Continental, Chinese, North Indian, Asian, European",225,37,Vasanth Nagar,3.2,500,,,
100737,The Chariot Veg Restaurant,"Chinese, South Indian, North Indian, Desserts, Punjabi",200,32,Brigade Road,3.8,500,,,
100738,RCB Bar &amp; Cafe,"Indian, Asian, Continental",375,29,Church Street,4.1,100,,,
100739,Dadi Di Rasoi,North Indian,100,26,Jayanagar,3.6,50,,,
100740,Italian BOB Pizza's,"Pizzas, Italian, Salads",300,50,Indiranagar,3.9,20,,,
100741,Brown Burger Co.,"American, Beverages, Pizzas, Snacks, Juices, Desserts",150,37,Koramangala,4,100,,,
100742,Paivihar,"Chinese, Indian",150,34,Vasanth Nagar,4.1,50,,,
100743,The IceCream Zone,"Ice Cream, Desserts, Beverages",125,31,Basavanagudi,4.8,20,,,
100744,Mama Keto Craves,"Desserts, Indian",250,34,Indiranagar,4.4,20,,,
100745,Punjab Xpress,North Indian,125,31,Tavarekere,3.6,100,,,
100746,NH1 Bowls - Highway To North,"North Indian, Punjabi, Home Food",125,21,Shanti Nagar,4.3,50,,,
100747,Zyng - Pan Asian Dining,"Pan-Asian, Chinese, Fast Food, Healthy Food, Seafood",250,41,Ulsoor,4.2,100,,,
100748,Nuage,"Continental, Desserts",400,43,Indiranagar,4.1,100,,,
100749,Prasuma Momo Kitchen,"Chinese, Asian, Snacks, Tibetan, Street Food, Japanese, Pan-Asian, Beverages",150,40,Koramangala,4.5,100,,,
100750,Havmor Havfunn Ice cream,"Ice Cream, Ice Cream Cakes, Desserts, Beverages",200,27,Basavanagudi,4,500,,,
100751,ASEAN - On The Edge,"Asian, Thai, Burmese, Vietnamese, Malaysian",500,32,Ashok Nagar,4.3,100,,,
100752, IBC (Indian Biryani Company),"Biryani, South Indian",100,40,Koramangala,4,500,,,
100753,Punjab Express,North Indian,150,39,Ulsoor,4.1,100,,,
100754,Shero Home Food - Chettinad,"South Indian, Chettinad",175,54,Rajajinagar,4.2,20,,,
100755,Shree Taaza Thindi,"South Indian, Snacks",75,44,Indiranagar,3.7,1000,,,
100756,FlavorVille,"North Indian, Chinese, Fast Food, Pizzas, Pastas",225,34,Basavanagudi,4.5,50,,,
100757,69 Dacker's Lane,"Bengali, Biryani",125,35,Indiranagar,4.1,500,,,
100758,Sriracha,"Asian, Chinese, Thai, Japanese, Indonesian, Burmese",800,27,Vittal Mallya Road,4.2,100,,,
100759,Edo - ITC Gardenia,"Japanese, Asian",500,48,Ashok Nagar,4.3,20,,,
100760,Ninhao Asian Kitchen,"Pan-Asian, Chinese, Indian, Thai",150,47,Koramangala,4,500,,,
100761,Bombay Borough,Indian,450,34,Ashok Nagar,4.4,20,,,
100762,Paandikadai-Chettinad kitchen by Salt,"Biryani, South Indian, Chettinad",200,40,Koramangala,3.7,100,,,
100763,Kouzina Kafe - The Food Court,"Bakery, Desserts, Ice Cream, Beverages",75,42,Vasanth Nagar,3.6,50,,,
100764,Biergarten Brewery &amp; Kitchen,"Continental, Pizzas, North Indian, Chinese, Asian, South Indian",375,46,Koramangala,4.3,500,,,
100765,Kachori Chowk,"Rajasthani, North Indian, Chaat",200,45,Koramangala,4.1,20,,,
100766,Giani Ice Cream,"Ice Cream, Desserts, Beverages",150,35,Jayanagar,4.5,50,,,
100767,Slurpy Shakes,"Beverages, Ice Cream, Desserts",75,33,Vasanth Nagar,3.1,50,,,
100768,Asia Kitchen By Mainland China,"Asian, Chinese, Oriental",425,35,Ashok Nagar,4.4,100,,,
100769,Cakes Joint,"Bakery, Desserts",100,39,Malleshwaram,3.9,20,,,
100770,Sea Meen Restaurant,"Seafood, Coastal, North Indian, Chinese, Tandoor",150,38,Koramangala,4.5,50,,,
100771,Big Js,Barbecue,275,40,Ulsoor,4.3,100,,,
100772,South Thindis,"South Indian, Sweets, Snacks",100,28,Basavanagudi,4.1,20,,,
100773,Skoosh Bubble Tea - No Tapioca,Beverages,150,39,Basavanagudi,3.9,50,,,
100774,Desi Dhaba North Indian Food,"North Indian, Chinese, Snacks",100,34,Koramangala,4.1,20,,,
100775,Oh! Bambai,"Street Food, Snacks, Fast Food, Pizzas, Chinese",75,50,Koramangala,3.8,100,,,
100776,India Chai Lounge,Beverages,125,37,Vasanth Nagar,3.8,20,,,
100777,Chilli &amp; Chives,"Asian, Chinese, Thai, Vietnamese",375,43,Indiranagar,4.3,100,,,
100778,Urban Solace,"American, Continental",250,36,Ulsoor,3.8,1000,,,
100779,Dhaba Co.,North Indian,325,46,Ashok Nagar,4,50,,,
100780,Spice Klub,"North Indian, Biryani, Indian",550,35,Ashok Nagar,3.5,20,,,
100781,Al Taj,"Chinese, Indian",100,44,Koramangala,3.3,500,,,
100782,China Garten,"Chinese, Thai",125,47,Indiranagar,4.1,500,,,
100783,Cafe Terra,Continental,150,45,Indiranagar,4.4,10000,,,
100784,Shivanna Gulkan Store,Indian,150,21,Basavanagudi,4.1,20,,,
100785,Omm Nom Nomm,"Ice Cream, Desserts",300,29,Koramangala,4.7,100,,,
100786,Lagom,"Bakery, Desserts",250,26,Frazer Town,4.6,1000,,,
100787,Chaat Paavlian,South Indian,75,41,Basavanagudi,2.5,1000,,,
100788,Ministry of Ice Creams,"Ice Cream, Desserts, Beverages",100,33,Koramangala,3.6,100,,,
100789,Adithya Tiffin Centre,North Indian,100,31,Shanti Nagar,3.7,20,,,
100790,Ambur Dum Biriyani Point,Biryani,70,39,Ulsoor,3.1,20,,,
100791,New GFC Hotel,"Indian, Biryani",80,37,Btm Layout,3,20,,,
100792,Vegan kitchen - By Infinitea,"Continental, Italian, Desserts, Healthy Food",300,40,Indiranagar,4.3,100,,,
100793,Utse Kitchen,"Chinese, Tibetan, Nepalese, Pan-Asian",250,50,Shivaji Nagar,4,1000,,,
100794,Momo Ninja,"Asian, Chinese, Beverages, Desserts",150,40,Tavarekere,3.9,50,,,
100795,RJ 19 Cafe,North Indian,100,27,Jayanagar,2.4,20,,,
100796,Gobblers Rolls &amp; Bowls,"North Indian, Fast Food, Beverages, Chinese",150,39,Tavarekere,3.8,100,,,
100797,Salasar Balaji Restaurant,North Indian,100,27,Shanti Nagar,3,50,,,
100798,Aahar,"South Indian, Beverages",100,30,Majestic,4.4,50,,,
100799,Swaad Kitchen Mart,"Pastas, Chinese",100,42,Rajajinagar,3.3,20,,,
100800,Foodzu,"Beverages, Juices",80,45,Koramangala,4.9,100,,,
100801,Creams &amp; Bites,"Ice Cream, Indian",75,36,Basavangudi,4.3,20,,,
100802,Trippy Goat Cafe &amp; Wine,"Beverages, Continental, Italian",750,38,Cunningham Road,3.9,20,,,
100803,Smoky And Snacky,"Snacks, Chinese, American",100,44,Malleshwaram,3.8,20,,,
100804,Bohemians,"Indian, Italian, Chinese, American",600,50,Indiranagar,3.9,20,,,
100805,YMIA Naidu Caterers,"South Indian, Biryani, Chinese, Indian",150,38,Shivajinagar,3.9,20,,,
100806,Cafe Medley,"Desserts, American, Continental, Italian, Bakery, Beverages",225,39,Koramangala,4.3,1000,,,
100807,Doosri Biwi,Snacks,200,37,Jayanagar,4.2,20,,,
100808,Hoppipola,"Salads, Pizzas, Italian, Continental, European, Mediterranean, Desserts",300,36,Church Street,4.2,100,,,
100809,Kunafa Lounge,"Desserts, Beverages, Bakery, Ice Cream, Juices",125,42,Koramangala,4,50,,,
100810,BurgerHaus Gourmet Burgers,"American, Continental, Beverages, Desserts",150,43,Koramangala,4.1,100,,,
100811,Olio - The Wood Fired Pizzeria,"Pizzas, Italian",150,43,Koramangala,4.2,100,,,
100812,Bistro Oui,Continental,400,43,Koramangala,4.1,1000,,,
100813,Fresh Bowls,"North Indian, Chinese, Tandoor",100,51,Indiranagar,3.8,1000,,,
100814,Excelsior bakery,Snacks,155,22,Shivajinagar,4.4,500,,,
100815,Sri Vishnu Upahar,"South Indian, Chinese",200,37,Frazer Town,4.5,20,,,
100816,The Bar Stock Exchange,"Chinese, North Indian, Continental, Pan-Asian, Thai",400,31,St Marks Road,3.9,100,,,
100817,30 Square,Chinese,150,43,Koramangala,4,1000,,,
100818,Quattro,"Italian, Mexican, Pizzas, Pastas",500,32,Residency Road,4,20,,,
100819,The Golden Thali,"Indian, North Indian",100,48,Indiranagar,3.9,1000,,,
100820,The Soup Project,"Chinese, Continental",150,37,Basavanagudi,4.7,20,,,
100821,Canton,"Beverages, Chinese",175,37,Jayanagar,2.9,1000,,,
100822,Ujwal Family bar and restaurant,"Seafood, North Indian, Chinese",300,32,Vasanth Nagar,4.2,50,,,
100823,Ember &amp; Frost,"Chinese, Pizzas, North Indian, Fast Food, Biryani, Burgers, Beverages",175,33,Koramangala,3.6,50,,,
100824,Neeth Medappa Patisserie,Desserts,150,40,Ashok Nagar,4.6,20,,,
100825,Earthen Delights,Kerala,120,42,Ulsoor,4.3,500,,,
100826,Donut Hubb,"Desserts, Bakery, Beverages",150,40,Rajajinagar,2.9,100,,,
100827,Smoodies by EatFit,"Beverages, Juices, Healthy Food, Desserts",135,33,Central Bangalore,4.8,20,,,
100828,Manchurian Corner,"Chinese, Indian",150,34,Basavanagudi,4.3,20,,,
100829,Adda 1522,"Indian, Mangalorean, Pastas, Fast Food, Chinese, Desserts",300,42,Indiranagar,4.1,20,,,
100830,Ooty Chocolates,Desserts,150,28,Indiranagar,4.6,1000,,,
100831,OG Belgian Waffle,"Waffle, Desserts, Ice Cream",125,38,Koramangala,4.7,20,,,
100832,Papparoti,"Bakery, Desserts",300,28,Ashok Nagar,4.3,20,,,
100833,Kadai Bistro,"Chinese, North Indian",175,38,Koramangala,5,20,,,
100834,China Flame,"Chinese, Thai",138,36,Ashok Nagar,4,1000,,,
100835,Smoke The Sizzler House,"Continental, American, Desserts, Italian, Mexican, Beverages",300,39,Koramangala,4,50,,,
100836,The Dripping Cone,"Ice Cream, Desserts, Beverages",100,45,Koramangala,3,20,,,
100837,The Pizza Folks,"Pizzas, Snacks",100,42,Koramangala,3.8,100,,,
100838,Soul Kitchen by KOS,"Continental, Tandoor, Italian, Desserts, Pizzas, Pastas",400,46,Koramangala,3.9,20,,,
100839,Woody's,Indian,175,35,Shivajinagar,4.4,50,,,
100840,The Dragon House,Chinese,100,36,Ashok Nagar,2.8,20,,,
100841,Tipsy Cafe,"Desserts, Ice Cream, Juices, Beverages, North Indian",125,37,Central Bangalore,3.4,50,,,
100842,The Fussy Vegan,"Italian, Snacks, Beverages, Indian",200,51,Indiranagar,3.1,50,,,
100843,The Nukkad Wala,Italian,125,46,Koramangala,3.7,20,,,
100844,GRT Cloud Kitchens,"American, Asian, Biryani, North Indian",400,39,Ulsoor,4.1,20,,,
100845,BOBBY KA VEG DHABA (Amritsarwala),"Indian, Combo, Thalis",125,37,Majestic,3.7,50,,,
100846,Paddu Point,South Indian,60,33,Majestic,3.6,20,,,
100847,Stop Drop &amp; Rolls,"Snacks, Continental, Chinese",125,43,Halasuru,3.9,20,,,
100848,Wok In Chow,"Chinese, Asian",250,40,Indiranagar,4.4,50,,,
100849,Indian Kitchen by Bohemians,"Indian, North Indian, Kerala, Seafood, South Indian",250,45,Indiranagar,3.7,20,,,
100850,Waffle Magic,"Desserts, Beverages",100,38,Commercial Street,4.1,100,,,
100851,Burger and Beyond,"American, Fast Food, Beverages",125,48,Koramangala,3.8,100,,,
100852,Chinese Mirch,"Chinese, Pan-Asian",125,45,Indiranagar,3.2,100,,,
100853,Board 4 Bored,"Chinese, American, Mexican",150,39,Basavanagudi,3.8,20,,,
100854,SLV Grand,"North Indian, Chinese, South Indian, Desserts, Beverages",100,42,Ashok Nagar,3.2,100,,,
100855,Wicked Coffee,Beverages,100,37,"Opp to Sapna Book House, Gandhi Nagar",5,20,,,
100856,Jalebbi Kitchen,"Chinese, North Indian, Biryani",100,31,Cunningham Road,4.1,20,,,
100857,Smoke Tales,"Indian, American, Kebabs",150,45,Koramangala,4,100,,,
100858,Raahi,Indian,250,32,St. Marks Road,4,50,,,
100859,Maggi Baba,"Beverages, Ice Cream, Continental, Desserts",125,38,Central Bangalore,3.2,100,,,
100860,Ice Cream Shop,"Beverages, Ice Cream, Desserts",150,37,Central Bangalore,3.4,50,,,
100861,Zaks Mediterranian Cuisine,"Indian, Chinese, Biryani",125,36,Frazer Town,4.1,50,,,
100862,Dilwale Restaurant,"Juices, Beverages, Ice Cream, Indian, Burgers, Sweets",150,36,Central Bangalore,3.7,50,,,
100863,Jai Bhavani Dhaba,Indian,125,48,Indiranagar,3.6,500,,,
